expression,reading,meaning,meaning_indonesia,tags,guid
ああ,ああ,"Ah!, Oh!","Wah!, aduh!",JLPT JLPT_4 JLPT_5 JLPT_N5,HI-.Ij?HS~
会う,あう,"to meet, to see","untuk bertemu, untuk melihat",JLPT JLPT_3 JLPT_5 JLPT_N5,kupB!kWE}<
青,あお,blue,biru,JLPT JLPT_5 JLPT_N5,HB)I{+$j.i
青い,あおい,blue,biru,Genki Genki_Ln.9 JLPT JLPT_5 JLPT_N5,q(A)lc.Kr8
赤,あか,red,merah,JLPT JLPT_5 JLPT_N5,y!Fn9IOz@J
赤い,あかい,red,merah,Genki Genki_Ln.9 Intermediate_Japanese Intermediate_Japanese_Ln.12 JLPT JLPT_5 JLPT_N5,D`aKGX2j!#
明るい,あかるい,bright (in reference to personality or weather); cheerful,cerah (kepribadian atau cuaca); ceria,Genki Genki_Ln.18 Intermediate_Japanese Intermediate_Japanese_Ln.11 JLPT JLPT_5 JLPT_N5,m>)z8|k.>J
秋,あき,fall (season),musim gugur (musim),Genki Genki_Ln.10 Intermediate_Japanese Intermediate_Japanese_Ln.4 JLPT JLPT_3 JLPT_5 JLPT_N5,H~$iS3{X?*
開く,あく,"to open, to become open","untuk membuka, menjadi terbuka",JLPT JLPT_3 JLPT_5 JLPT_N5,m[4![DH*c~
開ける,あける,to open (v.t.),untuk membuka (v.t.),Intermediate_Japanese Intermediate_Japanese_Ln.12 JLPT JLPT_3 JLPT_5 JLPT_N5,y.#AVx@-k>
上げる,あげる,"to raise, to lift","untuk mengangkat, untuk mengangkat",JLPT JLPT_3 JLPT_5 JLPT_N5,Hp0]9?Ae.w
朝,あさ,morning,Pagi,Genki Genki_Ln.3 Intermediate_Japanese Intermediate_Japanese_Ln.2 JLPT JLPT_5 JLPT_N5,g|Q>VbnCii
朝御飯,あさごはん,breakfast,sarapan,Genki Genki_Ln.3 JLPT JLPT_5 JLPT_N5,wWUR=G6*(U
明後日,あさって,day after tomorrow,besok lusa,JLPT JLPT_5 JLPT_N5,mF[0Aq7|V7
足; 脚,あし,foot; leg,kaki;,JLPT JLPT_5 JLPT_N5,m.INsC.wC2
明日,あした,tomorrow,besok,Genki Genki_Ln.3 Intermediate_Japanese Intermediate_Japanese_Ln.7 JLPT JLPT_3 JLPT_5 JLPT_N5,xZI7N3AauN
あそこ,あそこ,"there, over there, that place","di sana, di sana, tempat itu",Genki Genki_Ln.2 JLPT JLPT_5 JLPT_N5,P>AI.lx+Jq
遊ぶ,あそぶ,to play; to spend time pleasantly; to hang out,untuk bermain;,Genki Genki_Ln.6 Intermediate_Japanese Intermediate_Japanese_Ln.1 JLPT JLPT_5 JLPT_N5,e<h|f2`;&
暖かい,あたたかい,warm,hangat,JLPT_N5,tk[pUMy0{i
頭,あたま,head,kepala,Intermediate_Japanese Intermediate_Japanese_Ln.2 JLPT JLPT_5 JLPT_N5,DaKiPvzaex
新しい,あたらしい,new,baru,Genki Genki_Ln.5 JLPT JLPT_5 JLPT_N5,h)6JB@Q5Rj
あちら,あちら,this way (polite),lewat sini (sopan),Genki Genki_Ln.20 JLPT JLPT_5 JLPT_N5,h{rLO32/d4
暑い,あつい,"hot (in reference to weather), warm","panas (mengacu pada cuaca), hangat",Genki Genki_Ln.5 Intermediate_Japanese Intermediate_Japanese_Ln.4 JLPT JLPT_5 JLPT_N5,"gSl8i,<}^I"
熱い,あつい,hot (objects),panas (benda),Genki Genki_Ln.5 JLPT JLPT_5 JLPT_N5,Gy7fB=0YXx
厚い,あつい,"kind, warm(hearted), thick, deep","baik hati, hangat (hati), tebal, dalam",JLPT JLPT_5 JLPT_N5,v[2GvOysf?
あっち,あっち,over there,di sana,JLPT JLPT_5 JLPT_N5,Pv=fA$Z6K5
後,あと,afterwards (later); in the future; the rest; since then,setelah itu (nanti);,Genki Genki_Ln.18 JLPT JLPT_2 JLPT_3 JLPT_5 JLPT_N5,"r-[yF55!,-"
あなた,あなた,you,Anda,Genki Genki_Ln.4 JLPT JLPT_5 JLPT_N5,"dwd.i?n%,!"
兄,あに,(my) older brother (humble),(saya) kakak laki-laki (rendah hati),Genki Genki_Ln.14 JLPT JLPT_5 JLPT_N5,L}%Kue=51s
姉,あね,(my) older sister (humble),(saya) kakak perempuan (rendah hati),Genki Genki_Ln.7 JLPT JLPT_5 JLPT_N5,IX6p9}CO.e
アパート,アパート,apartment (abbr.),apartemen (singkatan),Genki Genki_Ln.7 JLPT JLPT_5 JLPT_N5,wZ/2ki)d+f
あの,あの,"that over there; like that, that way; um...",itu di sana;,JLPT JLPT_4 JLPT_5 JLPT_N5,B2LX%goFyX
浴びる,あびる,"to bathe, to shower","untuk mandi, mandi",JLPT JLPT_3 JLPT_5 JLPT_N5,b2.2F3UI=#
危ない,あぶない,"dangerous, critical","berbahaya, kritis",Intermediate_Japanese Intermediate_Japanese_Ln.15 JLPT JLPT_5 JLPT_N5,kjgRC;INvI
甘い,あまい,"generous, sweet","murah hati, manis",Genki Genki_Ln.12 JLPT JLPT_5 JLPT_N5,jcM!HlCL`<
余り,あまり,not very; surplus,tidak terlalu;,JLPT JLPT_3 JLPT_5 JLPT_N5,"l$B(J(k,y1"
雨,あめ,rain,hujan,Genki Genki_Ln.8 JLPT JLPT_5 JLPT_N5,PaXlv})<8_
飴,あめ,(hard) candy,(permen,JLPT JLPT_5 JLPT_N5,v}dp1l^X:W
洗う,あらう,to wash,untuk mencuci,Genki Genki_Ln.8 Intermediate_Japanese Intermediate_Japanese_Ln.10 JLPT JLPT_5 JLPT_N5,H=[cc$xhzR
在る,ある,"to be, to have","menjadi, memiliki",JLPT JLPT_3 JLPT_5 JLPT_N5,w$Yz{uB@-`
有る,ある,"to be, to have","menjadi, memiliki",JLPT JLPT_3 JLPT_5 JLPT_N5,v`6i&kQMJj
歩く,あるく,to walk,untuk berjalan,Genki Genki_Ln.20 Intermediate_Japanese Intermediate_Japanese_Ln.1 JLPT JLPT_5 JLPT_N5,"Kkagn,fSTU"
あれ,あれ,that one (over there),yang itu (di sana),Genki Genki_Ln.2 JLPT JLPT_5 JLPT_N5,Co(PaI(^/_
いい; よい,いい; よい,good,Bagus,JLPT JLPT_5 JLPT_N5,O(#?WJE%7H
いいえ,いいえ,"no, not at all","tidak, tidak sama sekali",JLPT JLPT_5 JLPT_N5,"iO`r],Af`o"
言う,いう,to say,untuk mengatakan,Genki Genki_Ln.8 JLPT JLPT_5 JLPT_N5,iurNhMLEpv
家,いえ,"house, home","rumah, rumah",Genki Genki_Ln.3 JLPT JLPT_2 JLPT_3 JLPT_5 JLPT_N5,QGc`#y1e97
いかが,いかが,"how, in what way","bagaimana, dengan cara apa",JLPT JLPT_5 JLPT_N5,r5L~xW!JP9
行く,いく; ゆく,to go,untuk pergi,JLPT JLPT_5 JLPT_N5,kJnXhXxW0)
いくつ,いくつ,"how many, how old","berapa banyak, berapa umur",JLPT JLPT_3 JLPT_5 JLPT_N5,mxf9)ZwbLi
いくら,いくら,"how much, how many","berapa banyak, berapa banyak",Genki Genki_Ln.2 JLPT JLPT_3 JLPT_5 JLPT_N5,G7]VF2LkZL
池,いけ,pond,kolam,JLPT JLPT_5 JLPT_N5,"u8]?l[G,7&"
医者,いしゃ,doctor; physician,dokter;,Genki Genki_Ln.1 Genki_Ln.10 Intermediate_Japanese Intermediate_Japanese_Ln.12 JLPT JLPT_5 JLPT_N5,"f&|8.,xzY9"
椅子,いす,chair,kursi,JLPT JLPT_3 JLPT_5 JLPT_N5,Nxw^e{dZp(
忙しい,いそがしい,"busy (people, days)","sibuk (orang, hari)",Genki Genki_Ln.5 JLPT JLPT_5 JLPT_N5,pTORshR]m|
痛い,いたい,hurt; painful; sore,terluka;,Genki Genki_Ln.12 Intermediate_Japanese Intermediate_Japanese_Ln.5 JLPT JLPT_5 JLPT_N5,O@@jk^&oQ8
一,いち,one,satu,JLPT JLPT_3 JLPT_5 JLPT_N5,C57gy_Lcmo
一日,いちにち,one day (duration),satu hari (durasi),Genki Genki_Ln.13 JLPT JLPT_5 JLPT_N5,Q/Fb^F]yhk
一番,いちばん,"best (most), first, number one","terbaik (paling), pertama, nomor satu",Genki Genki_Ln.10 Intermediate_Japanese Intermediate_Japanese_Ln.3 JLPT JLPT_3 JLPT_5 JLPT_N5,y&ds7j((mb
いつ,いつ,when,Kapan,Genki Genki_Ln.3 JLPT JLPT_2 JLPT_5 JLPT_N5,oGX1~x%YQo
五日,いつか,five days; fifth day of the month,lima hari;,Genki Genki_Ln.13 JLPT JLPT_3 JLPT_5 JLPT_N5,iii]i;bYjg
一緒,いっしょ,together,bersama,Intermediate_Japanese Intermediate_Japanese_Ln.7 JLPT JLPT_5 JLPT_N5,D>uK5dFJy^
五つ,いつつ,five things,lima hal,Genki Genki_Ln.9 JLPT JLPT_5 JLPT_N5,Q!*H:Q_rHO
いつも,いつも,"always, usually, every time, never (with neg. verb)","selalu, biasanya, setiap saat, tidak pernah (dengan kata kerja neg.)",Genki Genki_Ln.12 JLPT JLPT_3 JLPT_5 JLPT_N5,BM|Xrf53.p
犬,いぬ,dog,anjing,Genki Genki_Ln.4 JLPT JLPT_5 JLPT_N5,"ktH(<>,fX+"
今,いま,now,Sekarang,Genki Genki_Ln.1 JLPT JLPT_3 JLPT_5 JLPT_N5,N{Ld-iFO]H
意味,いみ,"meaning, significance","makna, signifikansi",Genki Genki_Ln.12 Intermediate_Japanese Intermediate_Japanese_Ln.2 JLPT JLPT_5 JLPT_N5,xQ(-U#d9Tp
妹,いもうと,younger sister (humble),adik perempuan (rendah hati),Genki Genki_Ln.1 Genki_Ln.7 JLPT JLPT_5 JLPT_N5,BL_XI^txw+
嫌,いや,"disagreeable, detestable, unpleasant","tidak menyenangkan, menjijikkan, tidak menyenangkan",JLPT JLPT_3 JLPT_5 JLPT_N5,pj6@51cCNZ
入口,いりぐち,entrance,pintu masuk,JLPT JLPT_5 JLPT_N5,"E5~,8$6,oj"
居る,いる,"(humble) to be (animate), to exist","(rendah hati) menjadi (bernyawa), ada",JLPT JLPT_5 JLPT_N5,wfzvV]4NOO
要る,いる,to need,membutuhkan,JLPT JLPT_5 JLPT_N5,j|TF$iBC;9
入れる,いれる,to put in,untuk dimasukkan,JLPT JLPT_5 JLPT_N5,swmy/(v]Eb
色,いろ,color,warna,Genki Genki_Ln.9 Intermediate_Japanese Intermediate_Japanese_Ln.9 JLPT JLPT_5 JLPT_N5,"Epa;v6=%P,"
色々,いろいろ,various,bermacam-macam,JLPT JLPT_5 JLPT_N5,jV7cB[WgxE
上,うえ,"above (up, top, etc.), over, on top of","di atas (atas, atas, dll.), atas, di atas",JLPT JLPT_2 JLPT_5 JLPT_N5,"j3j@,T!uH>"
後ろ,うしろ,"back, behind, rear","belakang, belakang, belakang",JLPT JLPT_3 JLPT_5 JLPT_N5,s:DnwS1iNM
薄い,うすい,"thin, weak","kurus, lemah",JLPT JLPT_3 JLPT_5 JLPT_N5,pRrb<$bzH|
歌,うた,a song,sebuah lagu,Genki Genki_Ln.7 JLPT JLPT_5 JLPT_N5,JJN9**Hn8A
歌う,うたう,to sing,untuk bernyanyi,Genki Genki_Ln.7 Intermediate_Japanese Intermediate_Japanese_Ln.7 JLPT JLPT_5 JLPT_N5,AN4yH;7MHR
うち,うち,home; house; my place,rumah;,Genki Genki_Ln.3 JLPT JLPT_3 JLPT_5 JLPT_N5,u5l2?%hKEd
生まれる,うまれる,to be born,untuk dilahirkan,JLPT JLPT_3 JLPT_5 JLPT_N5,i{d6CiQ#iK
海,うみ,"sea, beach","laut, pantai",Genki Genki_Ln.5 JLPT JLPT_5 JLPT_N5,Cla&e~|Y6P
売る,うる,to sell (v.t.),untuk menjual (v.t.),Genki Genki_Ln.15 Intermediate_Japanese Intermediate_Japanese_Ln.6 JLPT JLPT_3 JLPT_5 JLPT_N5,nqk=gYOr|$
うるさい,うるさい,noisy; annoying,bising;,Genki Genki_Ln.22 JLPT JLPT_3 JLPT_5 JLPT_N5,fsH/V)BWD4
上着,うわぎ,"coat, jacket","mantel, jaket",JLPT JLPT_5 JLPT_N5,nv?u]<OhhN
絵,え,a painting; a picture; a drawing,sebuah lukisan;,Genki Genki_Ln.15 JLPT JLPT_3 JLPT_5 JLPT_N5,E6H3mWmPF1
映画,えいが,"movie, film","film, film",Genki Genki_Ln.3 Intermediate_Japanese Intermediate_Japanese_Ln.7 JLPT JLPT_5 JLPT_N5,Q842_8x`<%
映画館,えいがかん,"movie theater, cinema","bioskop, bioskop",Genki Genki_Ln.15 JLPT JLPT_5 JLPT_N5,tKa%gU>tYk
英語,えいご,English (language),Inggris (bahasa),Genki Genki_Ln.1 JLPT JLPT_5 JLPT_N5,l~kTfp|Na~
ええ,ええ,yes,Ya,Genki Genki_Ln.1 JLPT JLPT_5 JLPT_N5,K4f;DsCIdC
駅,えき,station,stasiun,Genki Genki_Ln.10 JLPT JLPT_5 JLPT_N5,EP[wTa2Y![
エレベーター,エレベーター,elevator,lift,JLPT JLPT_2 JLPT_5 JLPT_N5,GomZ-xrho6
～円,～えん,Yen,Yen,JLPT JLPT_5 JLPT_N5,"rY,[_6)@&p"
鉛筆,えんぴつ,pencil,pensil,Genki Genki_Ln.2 JLPT JLPT_5 JLPT_N5,ArKUTnLoi2
お～,お～,honorable ~ (honorific),terhormat ~ (kehormatan),JLPT JLPT_5 JLPT_N5,Q1z/@I6[X=
美味しい,おいしい,"delicious, tasty","enak, enak",JLPT JLPT_5 JLPT_N5,f%Oz)hC{aH
多い,おおい,many; there are a lot,banyak;,Intermediate_Japanese Intermediate_Japanese_Ln.1 JLPT JLPT_5 JLPT_N5,CS_ZJ+i5[)
大きい,おおきい,"big, large","besar, besar",Genki Genki_Ln.5 JLPT JLPT_5 JLPT_N5,N*s[nF-<Om
大きな,おおきな,big,besar,JLPT JLPT_5 JLPT_N5,"C@,$F5(H&S"
大勢,おおぜい,great number of people,sejumlah besar orang,JLPT JLPT_5 JLPT_N5,d_f[=H{F{<
お母さん,おかあさん,mother (formal),ibu (resmi),Genki Genki_Ln.1 Genki_Ln.2 JLPT JLPT_5 JLPT_N5,JmU7?0Aw7)
お菓子,おかし,"confections, sweets, snack","permen, permen, makanan ringan",Genki Genki_Ln.11 JLPT JLPT_5 JLPT_N5,iY2$$8!fW<
お金,おかね,money,uang,Genki Genki_Ln.6 JLPT JLPT_5 JLPT_N5,uh%`nh}D?M
起きる,おきる,"to get up (e.g., from sleeping); to happen","untuk bangun (misalnya, dari tidur);",Genki Genki_Ln.3 Intermediate_Japanese Intermediate_Japanese_Ln.12 JLPT JLPT_3 JLPT_5 JLPT_N5,i~#f<a525w
置く,おく,to put; to lay; to place,untuk menempatkan;,Genki Genki_Ln.21 JLPT JLPT_3 JLPT_5 JLPT_N5,"KTJ,/<Sfw7"
奥さん,おくさん,(someone else's) wife (hon.),istri (orang lain) (yang terhormat),Genki Genki_Ln.14 Intermediate_Japanese Intermediate_Japanese_Ln.9 JLPT JLPT_5 JLPT_N5,raj<Z6u7R]
お酒,おさけ,sake; alcohol,demi;,Genki Genki_Ln.3 JLPT JLPT_5 JLPT_N5,BPnYG]G`g3
お皿,おさら,"plate, dish","piring, piring",JLPT JLPT_5 JLPT_N5,"lNBs!SV,D!"
伯父; 叔父さん,おじさん,"uncle, middle-aged man","paman, pria paruh baya",JLPT JLPT_5 JLPT_N5,s$4&3o9W|{
おじいさん,おじいさん,"grandfather, male senior citizen","kakek, warga negara senior laki-laki",Genki Genki_Ln.13 JLPT JLPT_3 JLPT_5 JLPT_N5,OnBGSorIYO
教える,おしえる,"to teach, to inform, to instruct","untuk mengajar, untuk menginformasikan, untuk menginstruksikan",Intermediate_Japanese Intermediate_Japanese_Ln.1 JLPT JLPT_5 JLPT_N5,&(rx8HabP
押す,おす,"to push, to press, to stamp (e.g., a passport)","untuk mendorong, menekan, mencap (misalnya, paspor)",Genki Genki_Ln.18 JLPT JLPT_5 JLPT_N5,O7S.k1^4+9
遅い,おそい,slow; (to be) late,lambat;,Genki Genki_Ln.10 Intermediate_Japanese Intermediate_Japanese_Ln.11 JLPT JLPT_5 JLPT_N5,e`TVG4aTiS
お茶,おちゃ,(green) tea,(teh hijau,Genki Genki_Ln.3 Intermediate_Japanese Intermediate_Japanese_Ln.6 JLPT JLPT_5 JLPT_N5,"o|6tDcd,cL"
お手洗い,おてあらい,"toilet, restroom, bathroom (lit., a place to wash one's hands)","toilet, kamar kecil, kamar mandi (lit., tempat mencuci tangan)",Genki Genki_Ln.2 Intermediate_Japanese Intermediate_Japanese_Ln.13 JLPT JLPT_5 JLPT_N5,jX+//z~!X8
お父さん,おとうさん,father (formal),ayah (resmi),Genki Genki_Ln.1 Genki_Ln.2 JLPT JLPT_5 JLPT_N5,Kh?V(6)C|2
弟,おとうと,younger brother,adik,Genki Genki_Ln.1 Genki_Ln.7 JLPT JLPT_5 JLPT_N5,"ht,o]F,GkV"
男,おとこ,"man, male","laki-laki, laki-laki",Genki Genki_Ln.17 JLPT JLPT_5 JLPT_N5,QC9-<k]D|G
男の子,おとこのこ,boy,anak laki-laki,Genki Genki_Ln.11 JLPT JLPT_5 JLPT_N5,mDCUq=3c&Y
一昨日,おととい,the day before yesterday,sehari sebelum kemarin,Genki Genki_Ln.19 JLPT JLPT_5 JLPT_N5,n^WNNS^t5D
おととし,おととし,year before last,tahun lalu,JLPT JLPT_5 JLPT_N5,"i$lVvl^Y,~"
大人,おとな,adult,dewasa,Genki Genki_Ln.13 JLPT JLPT_5 JLPT_N5,F~j9Wag0^x
お腹,おなか,stomach,perut,JLPT JLPT_3 JLPT_5 JLPT_N5,GVf+XC=Lx4
同じ,おなじ,"same, identical","sama, identik",Genki Genki_Ln.14 Intermediate_Japanese Intermediate_Japanese_Ln.1 JLPT JLPT_5 JLPT_N5,FT1U+`d~$u
お兄さん,おにいさん,(someone else's) older brother (formal),kakak laki-laki (orang lain) (formal),Genki Genki_Ln.1 Genki_Ln.7 Intermediate_Japanese Intermediate_Japanese_Ln.4 JLPT JLPT_5 JLPT_N5,c-e]c9shpL
お姉さん,おねえさん,older sister (formal),kakak perempuan (formal),Genki Genki_Ln.1 Genki_Ln.7 JLPT JLPT_5 JLPT_N5,"Q,2s6~F,9F"
伯母さん; 叔母さん,おばさん,aunt,tante,JLPT JLPT_5 JLPT_N5,fk]_fvvw.h
おばあさん,おばあさん,"grandmother, female senior-citizen","nenek, warga negara senior perempuan",Genki Genki_Ln.6 JLPT JLPT_5 JLPT_N5,K7L64Zdx7D
お風呂,おふろ,a bath,mandi,JLPT_N5,btJ^oH!>Ob
お弁当,おべんとう,a boxed lunch,kotak makan siang,Genki Genki_Ln.9 JLPT JLPT_5 JLPT_N5,ou=Mxez95b
覚える,おぼえる,"to learn, to commit to memory, to remember, to memorize","untuk belajar, untuk berkomitmen pada ingatan, untuk mengingat, untuk menghafal",Intermediate_Japanese Intermediate_Japanese_Ln.2 JLPT JLPT_5 JLPT_N5,k*NiP6Je8n
おまわりさん,おまわりさん,policeman (friendly term),polisi (istilah ramah),JLPT JLPT_5 JLPT_N5,kI/erxg?st
重い,おもい,heavy; serious,berat;,Genki Genki_Ln.20 JLPT JLPT_3 JLPT_5 JLPT_N5,n(}tZ@Uv29
面白い,おもしろい,"interesting, amusing","menarik, lucu",Genki Genki_Ln.5 Intermediate_Japanese Intermediate_Japanese_Ln.4 JLPT JLPT_5 JLPT_N5,"J&$%9x,#?>"
泳ぐ,およぐ,to swim,untuk berenang,Genki Genki_Ln.5 JLPT JLPT_5 JLPT_N5,bxmTHH/R3s
降りる,おりる,to get off,untuk turun,JLPT JLPT_3 JLPT_5 JLPT_N5,hM4FhZWg_/
終る,おわる,"to finish, to close","untuk menyelesaikan, untuk menutup",JLPT JLPT_5 JLPT_N5,D_J6!H@vf*
音楽,おんがく,Music,Musik,Genki Genki_Ln.3 Intermediate_Japanese Intermediate_Japanese_Ln.3 JLPT JLPT_5 JLPT_N5,fcOO[?V993
女,おんな,"woman, female","wanita, perempuan",Genki Genki_Ln.17 JLPT JLPT_5 JLPT_N5,d3!7^Z7+&i
女の子,おんなのこ,girl,gadis,Genki Genki_Ln.11 JLPT JLPT_5 JLPT_N5,n^ma[3kYmi
～回,～かい,counter for occurrences (~ times),penghitung kejadian (~ kali),JLPT JLPT_1 JLPT_5 JLPT_N5,dwW`SX||PF
～階,～かい,counter for stories (floors) of a building,counter untuk lantai (lantai) suatu bangunan,JLPT JLPT_4 JLPT_5 JLPT_N5,x]4mRhDP?0
外国,がいこく,foreign country; abroad,negara asing;,Genki Genki_Ln.11 Intermediate_Japanese Intermediate_Japanese_Ln.6 JLPT JLPT_5 JLPT_N5,K:<1s^}$O$
外国人,がいこくじん,foreigner,orang asing,Genki Genki_Ln.15 JLPT JLPT_5 JLPT_N5,mxObbkK7.-
会社,かいしゃ,"company, corporation","perusahaan, korporasi",Genki Genki_Ln.7 JLPT JLPT_5 JLPT_N5,owc{ezB4?4
階段,かいだん,stairs,tangga,JLPT JLPT_5 JLPT_N5,"ui<=#{,<U^"
買い物,かいもの,shopping,belanja,Genki Genki_Ln.4 JLPT JLPT_5 JLPT_N5,uV:`-T%Eq~
買う,かう,to buy,untuk membeli,JLPT JLPT_3 JLPT_5 JLPT_N5,Q.3jlQZyvW
返す,かえす,to return something,untuk mengembalikan sesuatu,JLPT JLPT_3 JLPT_5 JLPT_N5,b+[+YOY+dv
帰る,かえる,"to go back, to go home, to return","untuk kembali, untuk pulang, untuk kembali",Intermediate_Japanese Intermediate_Japanese_Ln.1 JLPT JLPT_3 JLPT_5 JLPT_N5,HBCAN.he?j
顔,かお,face (body part),wajah (bagian tubuh),Genki Genki_Ln.10 Intermediate_Japanese Intermediate_Japanese_Ln.2 JLPT JLPT_3 JLPT_5 JLPT_N5,MGLL{4`mK@
かかる,かかる,"it takes (amount of time, money) (v.i.)","dibutuhkan (jumlah waktu, uang) (v.i.)",Genki Genki_Ln.10 Intermediate_Japanese Intermediate_Japanese_Ln.1 JLPT JLPT_3 JLPT_5 JLPT_N5,yajlZ<1W@=
鍵,かぎ,a lock; a key,sebuah kunci;,Genki Genki_Ln.17 JLPT JLPT_3 JLPT_5 JLPT_N5,CBifo1C?=d
書く,かく,to write,untuk menulis,JLPT JLPT_3 JLPT_5 JLPT_N5,ytOa}oy+zO
学生,がくせい,student,murid,Genki Genki_Ln.1 JLPT JLPT_5 JLPT_N5,"JC,(K4dD=="
～か月,～かげつ,(number of) months,(jumlah) bulan,JLPT JLPT_5 JLPT_N5,p^^qFJHF)[
掛ける,かける,"to put on (e.g., glasses); to hang (e.g., on a wall)",untuk memakai (misalnya kacamata);,JLPT JLPT_3 JLPT_4 JLPT_5 JLPT_N5,J@I.fZoEvE
かける,かける,"to dial/call (e.g., phone); to sit down","untuk menelepon/memanggil (misalnya, telepon);",Genki Genki_Ln.19 JLPT JLPT_3 JLPT_4 JLPT_5 JLPT_N5,j[@hZ&;%2u
傘,かさ,"umbrella, parasol","payung, payung",Genki Genki_Ln.2 JLPT JLPT_5 JLPT_N5,p_LV=Cf?pc
貸す,かす,to lend,untuk meminjamkan,Intermediate_Japanese Intermediate_Japanese_Ln.3 JLPT JLPT_5 JLPT_N5,yag&XA]F86
風,かぜ,"wind, breeze",hembusan angin,Genki Genki_Ln.22 JLPT JLPT_5 JLPT_N5,wPz(SGuAqF
風邪,かぜ,"cold, flu","dingin, flu",Genki Genki_Ln.12 JLPT JLPT_5 JLPT_N5,"G#zadB[Bd,"
方,かた,-- honorific form for 人 (ひと) --; way of doing,-- bentuk kehormatan untuk 人 (ひと) --;,Intermediate_Japanese Intermediate_Japanese_Ln.4 JLPT JLPT_3 JLPT_4 JLPT_5 JLPT_N5,GtdTiap.Os
家族,かぞく,"family, members of a family","keluarga, anggota keluarga",Genki Genki_Ln.7 Intermediate_Japanese Intermediate_Japanese_Ln.1 JLPT JLPT_5 JLPT_N5,jwBW:Yf?[N
片仮名,かたかな,katakana,katakana,JLPT JLPT_5 JLPT_N5,y%B]18.T{|
～月,～がつ,month of year,bulan dalam setahun,JLPT JLPT_5 JLPT_N5,x[qBqm:mer
学校,がっこう,a school,sebuah sekolah,Genki Genki_Ln.3 JLPT JLPT_5 JLPT_N5,jMUlk]n4bL
カップ,カップ,cup,cangkir,JLPT JLPT_1 JLPT_5 JLPT_N5,N>J.3DDIIf
家庭,かてい,home; family,rumah;,Intermediate_Japanese Intermediate_Japanese_Ln.3 JLPT JLPT_3 JLPT_5 JLPT_N5,K=/LkA^bE5
角,かど,"corner (e.g., desk, pavement)","sudut (misalnya, meja, trotoar)",Genki Genki_Ln.20 JLPT JLPT_5 JLPT_N5,NblB:vgsi`
かばん,かばん,"bag, basket","tas, keranjang",Genki Genki_Ln.2 JLPT JLPT_5 JLPT_N5,M4T~@ehWYB
花瓶,かびん,(flower) vase,(bunga) vas,JLPT JLPT_5 JLPT_N5,m<:4xC~U|%
かぶる,かぶる,"to wear, to put on (e.g., a hat on the head)","untuk memakai, mengenakan (misalnya, topi di kepala)",Genki Genki_Ln.7 JLPT JLPT_3 JLPT_5 JLPT_N5,"v~,/++9.ks"
紙,かみ,paper,kertas,Genki Genki_Ln.17 JLPT JLPT_3 JLPT_5 JLPT_N5,BZj5w]P?W@
カメラ,カメラ,camera,kamera,Genki Genki_Ln.8 JLPT JLPT_5 JLPT_N5,m@gkXGnk1!
火曜日,かようび,Tuesday,Selasa,Genki Genki_Ln.4 JLPT JLPT_5 JLPT_N5,rx9;D%FE+1
辛い,からい,hot and spicy; salty,panas dan pedas;,Genki Genki_Ln.13 JLPT JLPT_5 JLPT_N5,EjaGe<]5<&
体,からだ,body; health,tubuh;,Genki Genki_Ln.23 Intermediate_Japanese Intermediate_Japanese_Ln.4 JLPT JLPT_5 JLPT_N5,x=d[R_7msH
借りる,かりる,"to borrow, to owe","meminjam, berhutang",JLPT JLPT_5 JLPT_N5,EV_.CiOUqY
～がる,～がる,feel,merasa,JLPT JLPT_5 JLPT_N5,e--3P:#0au
軽い,かるい,"light, non-serious, minor","ringan, tidak serius, kecil",JLPT JLPT_5 JLPT_N5,"Q?,F=N/]i*"
カレー,カレー,curry (abbr. for curry and rice),kari (singkatan dari kari dan nasi),Genki Genki_Ln.13 JLPT JLPT_1 JLPT_5 JLPT_N5,l)iLA}_6t!
カレンダー,カレンダー,calendar,kalender,JLPT JLPT_5 JLPT_N5,"H,vNs@Ml~$"
川; 河,かわ,river,sungai,JLPT JLPT_3 JLPT_5 JLPT_N5,QzV_(D2VAO
～側,～がわ,~ side,~ samping,JLPT_N5,ks2wGx4U0-
可愛い,かわいい,"cute, adorable","lucu, menggemaskan",JLPT JLPT_5 JLPT_N5,"cM$xbG,Do&"
漢字,かんじ,kanji; Chinese character,kanji;,Genki Genki_Ln.6 Intermediate_Japanese Intermediate_Japanese_Ln.4 JLPT JLPT_3 JLPT_5 JLPT_N5,"yx;[,(ZC<M"
木,き,"tree, wood, timber","pohon, kayu, kayu",Genki Genki_Ln.22 JLPT JLPT_5 JLPT_N5,"Pt,~h2%O9J"
黄色,きいろ,yellow,kuning,JLPT JLPT_5 JLPT_N5,c$:@4*e3c*
黄色い,きいろい,yellow,kuning,JLPT JLPT_5 JLPT_N5,yw~rIwG)7I
消える,きえる,"to vanish, to disappear","menghilang, menghilang",Genki Genki_Ln.18 JLPT JLPT_5 JLPT_N5,Hl(tY84I}b
聞く,きく,"to hear, to listen, to ask","mendengar, mendengarkan, bertanya",JLPT JLPT_3 JLPT_5 JLPT_N5,CbCe+?lSS(
北,きた,north,utara,Intermediate_Japanese Intermediate_Japanese_Ln.10 JLPT JLPT_5 JLPT_N5,c_4*(T~qY|
ギター,ギター,guitar,gitar,Genki Genki_Ln.9 JLPT JLPT_5 JLPT_N5,gl.RMMgxvn
汚い,きたない,"dirty, unclean, filthy","kotor, najis, kotor",Genki Genki_Ln.16 JLPT JLPT_5 JLPT_N5,gA&c1.)X%=
喫茶店,きっさてん,café,kafe,Genki Genki_Ln.2 Intermediate_Japanese Intermediate_Japanese_Ln.11 JLPT JLPT_5 JLPT_N5,b3?(}lhy[4
切手,きって,postal (postage) stamps,perangko pos (prangko).,Genki Genki_Ln.5 Intermediate_Japanese Intermediate_Japanese_Ln.3 JLPT JLPT_5 JLPT_N5,GZ2eU+7^)f
切符,きっぷ,a ticket,sebuah tiket,Genki Genki_Ln.5 Intermediate_Japanese Intermediate_Japanese_Ln.10 JLPT JLPT_5 JLPT_N5,i@ntG+Gt0l
昨日,きのう,yesterday,Kemarin,Genki Genki_Ln.4 JLPT JLPT_3 JLPT_5 JLPT_N5,"mMKJxv#,<s"
九,きゅう,nine,sembilan,JLPT JLPT_3 JLPT_5 JLPT_N5,PCz+i!/c^t
牛肉,ぎゅうにく,beef,daging sapi,JLPT JLPT_5 JLPT_N5,"HN>QIS,sa)"
牛乳,ぎゅうにゅう,milk,susu,Genki Genki_Ln.18 JLPT JLPT_5 JLPT_N5,fkn+n(t~hl
今日,きょう,"today, this day","hari ini, hari ini",Genki Genki_Ln.3 JLPT JLPT_5 JLPT_N5,bCP{!%CS>.
教室,きょうしつ,classroom,kelas,Intermediate_Japanese Intermediate_Japanese_Ln.3 JLPT JLPT_5 JLPT_N5,jd>*%:rgPV
兄弟,きょうだい,"siblings (humble), brothers and sisters","saudara kandung (rendah hati), kakak beradik",Genki Genki_Ln.7 JLPT JLPT_5 JLPT_N5,tg~Kr0A/Mn
去年,きょねん,last year,tahun lalu,Genki Genki_Ln.14 Intermediate_Japanese Intermediate_Japanese_Ln.1 JLPT JLPT_5 JLPT_N5,zrXmT>AI2s
嫌い,きらい,dislike,benci,JLPT JLPT_5 JLPT_N5,"qw1}y,Um4C"
切る,きる,to cut; to hang up (a phone),untuk memotong;,Genki Genki_Ln.8 Intermediate_Japanese Intermediate_Japanese_Ln.12 JLPT JLPT_5 JLPT_N5,A;e]B2v]77
着る,きる,to put on (clothes above your waist); to wear,untuk mengenakan (pakaian di atas pinggang Anda);,Genki Genki_Ln.7 Intermediate_Japanese Intermediate_Japanese_Ln.9 JLPT JLPT_5 JLPT_N5,g$-Eqb.V#N
綺麗,きれい,"pretty, clean, tidy","cantik, bersih, rapi",JLPT JLPT_5 JLPT_N5,y:f/R>36c4
キロ; キログラム,キロ; キログラム,(abbr.) kilo (kilogram),(singkatan) kilo (kilogram),JLPT JLPT_3 JLPT_5 JLPT_N5,"v,MI,fa=Pd"
キロ; キロメートル,キロ; キロメートル,(abbr.) kilo (kilometer),(singkatan) kilo (kilometer),JLPT JLPT_3 JLPT_5 JLPT_N5,I+%u|o<M9)
銀行,ぎんこう,bank,bank,Genki Genki_Ln.2 JLPT JLPT_5 JLPT_N5,dJzM6E^Crr
金曜日,きんようび,Friday,Jumat,Genki Genki_Ln.4 JLPT JLPT_3 JLPT_5 JLPT_N5,H)-<3>G;wq
九,く,nine,sembilan,JLPT JLPT_3 JLPT_5 JLPT_N5,J.@??p5!Es
薬,くすり,medicine,obat,Genki Genki_Ln.9 Intermediate_Japanese Intermediate_Japanese_Ln.12 JLPT JLPT_5 JLPT_N5,e<qA>@afcN
下さい,ください,(with te-form verb) please do for me,(dengan kata kerja bentuk te) tolong lakukan untuk saya,JLPT JLPT_5 JLPT_N5,wZXS53y~A
果物,くだもの,fruit,buah,Intermediate_Japanese Intermediate_Japanese_Ln.9 JLPT JLPT_5 JLPT_N5,"ff8}}%,}l0"
口,くち,job opening; mouth,pembukaan pekerjaan;,Intermediate_Japanese Intermediate_Japanese_Ln.11 Intermediate_Japanese_Ln.8 JLPT JLPT_5 JLPT_N5,ODcS@5Ag5;
靴,くつ,"shoes, footwear","sepatu, alas kaki",Genki Genki_Ln.2 JLPT JLPT_5 JLPT_N5,n}XPqtAFrb
靴下,くつした,socks,kaus kaki,Genki Genki_Ln.23 JLPT JLPT_5 JLPT_N5,"m{wv6,~qH4"
国,くに,country; place of origin,negara;,Genki Genki_Ln.7 JLPT JLPT_5 JLPT_N5,qu43})1T{b
曇り,くもり,"cloudiness, cloudy weather","mendung, cuaca mendung",Genki Genki_Ln.12 JLPT JLPT_3 JLPT_5 JLPT_N5,"J%t?_,0ZZ)"
曇る,くもる,"to become cloudy, to become dim","menjadi berawan, menjadi redup",JLPT JLPT_5 JLPT_N5,h68<#-5u4*
暗い,くらい,"dark, gloomy","gelap, suram",JLPT JLPT_3 JLPT_5 JLPT_N5,l[W6inIL/c
～くらい; ぐらい,～くらい; ぐらい,approximate (quantity),perkiraan (kuantitas),JLPT JLPT_5 JLPT_N5,i|aE4l1U6h
クラス,クラス,a class,sebuah kelas,Genki Genki_Ln.4 JLPT JLPT_5 JLPT_N5,I|[#&/BoM*
グラム,グラム,gram,gram,JLPT JLPT_5 JLPT_N5,wf@~Kdx9Mo
来る,くる,to come,untuk datang,JLPT JLPT_5 JLPT_N5,t8%I(!NKuq
車,くるま,"car, vehicle","mobil, kendaraan",Genki Genki_Ln.7 JLPT JLPT_5 JLPT_N5,Dp50G3U@L=
黒,くろ,black,hitam,JLPT JLPT_5 JLPT_N5,eM3bqzySWE
黒い,くろい,black; dark,hitam;,Genki Genki_Ln.9 JLPT JLPT_5 JLPT_N5,y`TB7E}KvC
警官,けいかん,police officer,petugas polisi,JLPT JLPT_5 JLPT_N5,r|k<lg[-^X
今朝,けさ,this morning,pagi ini,Genki Genki_Ln.8 Intermediate_Japanese Intermediate_Japanese_Ln.2 JLPT JLPT_5 JLPT_N5,Ojh!YT%>_O
消す,けす,"to erase, to delete, to turn off power","untuk menghapus, menghapus, mematikan daya",JLPT JLPT_5 JLPT_N5,kyBQ8>]kOz
結構,けっこう,"splendid; enough, tolerably",bagus sekali;,JLPT JLPT_3 JLPT_5 JLPT_N5,OhYc[d+;sX
結婚,けっこん (する),marriage (get married),pernikahan (menikah),JLPT JLPT_5 JLPT_N5,yoFb9mQ>xx
月曜日,げつようび,Monday,Senin,Genki Genki_Ln.4 JLPT JLPT_3 JLPT_5 JLPT_N5,py]#+qmS;#
玄関,げんかん,entrance (to a house or a building),pintu masuk (ke rumah atau gedung),Intermediate_Japanese Intermediate_Japanese_Ln.5 JLPT JLPT_4 JLPT_5 JLPT_N5,nzna3U1d%4
元気,げんき,"health(y), energetic","kesehatan(y), energik",JLPT JLPT_5 JLPT_N5,C6oDoveAM%
～個,～こ,"counter for small items (e.g., fruits, cups)","counter untuk barang-barang kecil (misalnya buah-buahan, cangkir)",JLPT JLPT_2 JLPT_5 JLPT_N5,"L)v,!KJ|+1"
五,ご,five,lima,JLPT JLPT_3 JLPT_5 JLPT_N5,CPX]&C<[AA
～語,～ご,"word, language","kata, bahasa",JLPT JLPT_5 JLPT_N5,OS-NJNma:q
公園,こうえん,a park,sebuah taman,Genki Genki_Ln.4 JLPT JLPT_3 JLPT_5 JLPT_N5,"I!nU=ub,Sv"
交差点,こうさてん,intersection,persimpangan,JLPT JLPT_5 JLPT_N5,fB2Ek#M/vd
紅茶,こうちゃ,black tea,teh hitam,Genki Genki_Ln.13 JLPT JLPT_5 JLPT_N5,k->[;qN`>7
交番,こうばん,police box,kotak polisi,JLPT JLPT_5 JLPT_N5,Opg/[%q+N8
声,こえ,voice,suara,Intermediate_Japanese Intermediate_Japanese_Ln.2 JLPT JLPT_5 JLPT_N5,In/Jo>[]?<
コート,コート,"coat; court (e.g., tennis)",mantel;,JLPT JLPT_5 JLPT_N5,"e4scbA,t~J"
コーヒー,コーヒー,coffee,kopi,Genki Genki_Ln.3 JLPT JLPT_5 JLPT_N5,d<P1^SSa-:
ここ,ここ,"here, this place","di sini, tempat ini",Genki Genki_Ln.4 JLPT JLPT_3 JLPT_5 JLPT_N5,Lq)wtpkam*
午後,ごご,"afternoon, P.M.","sore, P.M.",Genki Genki_Ln.1 JLPT JLPT_5 JLPT_N5,C_ZC&#?>G!
九日,ここのか,nine days; ninth day of the month,sembilan hari;,Genki Genki_Ln.13 JLPT JLPT_5 JLPT_N5,l7hYJ[~^44
九つ,ここのつ,nine things,sembilan hal,Genki Genki_Ln.9 JLPT JLPT_5 JLPT_N5,DvF}1X8pH=
午前,ごぜん,"morning, A.M.","pagi, SAYA.",Genki Genki_Ln.1 JLPT JLPT_5 JLPT_N5,ue~BwANA9n
答える,こたえる,"to answer, to reply","untuk menjawab, untuk membalas",JLPT JLPT_5 JLPT_N5,x<$h-)|1km
こちら,こちら,this person (polite); this way (polite),orang ini (sopan);,Genki Genki_Ln.11 Genki_Ln.19 JLPT JLPT_5 JLPT_N5,A^:pzWeFGD
こっち,こっち,this person; this direction; this side,orang ini;,JLPT JLPT_4 JLPT_5 JLPT_N5,KZ(~KRGBCG
コップ,コップ,a tumbler; a glass,sebuah gelas;,Genki Genki_Ln.14 JLPT JLPT_5 JLPT_N5,fS_r5k@$Y6
今年,ことし,this year,tahun ini,Genki Genki_Ln.10 JLPT JLPT_5 JLPT_N5,F4V9w7@Age
言葉,ことば,language; word(s); expression(s),bahasa;,Genki Genki_Ln.13 Intermediate_Japanese Intermediate_Japanese_Ln.2 JLPT JLPT_5 JLPT_N5,EWtR7eO/R4
子供,こども,child(ren),anak-anak),Genki Genki_Ln.4 Intermediate_Japanese Intermediate_Japanese_Ln.2 JLPT JLPT_5 JLPT_N5,CU[{wZ(D{$
この,この,this,ini,JLPT JLPT_3 JLPT_5 JLPT_N5,pPsd:zD9O?
御飯,ごはん,rice (cooked); meal,nasi (dimasak);,Genki Genki_Ln.4 JLPT JLPT_5 JLPT_N5,biiyLkNokP
コピーする,コピーする,to copy,untuk menyalin,JLPT JLPT_3 JLPT_5 JLPT_N5,pIfdJ-gQ=x
困る,こまる,"to be bothered, to have difficulty","merasa terganggu, mengalami kesulitan",Genki Genki_Ln.16 JLPT JLPT_5 JLPT_N5,QJ1l#P3oS5
これ,これ,this one,yang ini,Genki Genki_Ln.2 JLPT JLPT_5 JLPT_N5,CY7%/#&PC;
～ころ; ～ごろ,～ころ; ～ごろ,"about, toward, approximately (time)","tentang, menuju, kira-kira (waktu)",JLPT JLPT_5 JLPT_N5,ygFZGug3gm
今月,こんげつ,this month,bulan ini,Genki Genki_Ln.8 JLPT JLPT_5 JLPT_N5,m1R02~~j[
今週,こんしゅう,this week,minggu ini,Genki Genki_Ln.6 JLPT JLPT_5 JLPT_N5,DK9g?(!36`
こんな,こんな,"such, like this","seperti itu, seperti ini",JLPT JLPT_5 JLPT_N5,DuEU98EMih
今晩,こんばん,"tonight, this evening","malam ini, malam ini",Genki Genki_Ln.3 Intermediate_Japanese Intermediate_Japanese_Ln.1 JLPT JLPT_5 JLPT_N5,F3};?W>+5Y
さあ,さあ,"come now, well","ayo sekarang, baiklah",JLPT JLPT_5 JLPT_N5,Ag`@=t><OI
～歳,～さい,~ years old,~ tahun,JLPT JLPT_2 JLPT_5 JLPT_N5,yIt4LQzbb!
財布,さいふ,wallet,dompet,Genki Genki_Ln.2 Intermediate_Japanese Intermediate_Japanese_Ln.4 JLPT JLPT_5 JLPT_N5,xwbRMO4c<;
魚,さかな,fish,ikan,Genki Genki_Ln.2 JLPT JLPT_5 JLPT_N5,zzI@?Uq@Z[
先,さき,"future; recent, previous",masa depan;,JLPT JLPT_5 JLPT_N5,tGm0X7=@hF
咲く,さく,to bloom,mekar,Genki Genki_Ln.18 JLPT JLPT_3 JLPT_5 JLPT_N5,F>Pt~gStbR
作文,さくぶん,essay; composition,karangan;,Genki Genki_Ln.9 JLPT JLPT_5 JLPT_N5,fOn$od$Eoc
差す,さす,"to raise (stretch out) hands, to raise (e.g., umbrella)","untuk mengangkat (mengulurkan) tangan, untuk mengangkat (misalnya, payung)",JLPT JLPT_3 JLPT_5 JLPT_N5,b|c|&{UKxH
～冊,～さつ,counter for books,konter untuk buku,JLPT JLPT_5 JLPT_N5,DJ:3n{-XN%
雑誌,ざっし,"magazine, journal","majalah, jurnal",Genki Genki_Ln.3 Intermediate_Japanese Intermediate_Japanese_Ln.8 JLPT JLPT_5 JLPT_N5,gVzfIhXfBF
砂糖,さとう,sugar,gula,Genki Genki_Ln.16 JLPT JLPT_5 JLPT_N5,M]8mQGX#}E
寒い,さむい,cold (in reference to weather),dingin (mengacu pada cuaca),Genki Genki_Ln.5 Intermediate_Japanese Intermediate_Japanese_Ln.2 JLPT JLPT_5 JLPT_N5,x@[mMxA?Z}
さ来年,さらいねん,year after next,tahun demi tahun berikutnya,JLPT JLPT_5 JLPT_N5,C4/Z2oi:V>
～さん,～さん,"Mr. ~, Ms. ~","Tuan ~, Nona ~",JLPT JLPT_2 JLPT_5 JLPT_N5,i|L#.MVmNG
三,さん,three,tiga,JLPT JLPT_5 JLPT_N5,jB}%X}YQ)P
散歩,さんぽ (する),"walk, stroll","berjalan, berjalan-jalan",JLPT JLPT_3 JLPT_5 JLPT_N5,C7E%FY>8|T
四,し,four,empat,JLPT JLPT_3 JLPT_5 JLPT_N5,q%G#*K^0R+
～時,～じ,~ o'clock (time),~ jam (waktu),JLPT JLPT_1 JLPT_5 JLPT_N5,m]7PVW-h[^
塩,しお,salt,garam,JLPT JLPT_5 JLPT_N5,mQXb>=tTk}
しかし,しかし,however; but,Namun;,Intermediate_Japanese Intermediate_Japanese_Ln.3 JLPT JLPT_5 JLPT_N5,g2(en9wt=#
時間,じかん,time,waktu,Genki Genki_Ln.14 JLPT JLPT_2 JLPT_5 JLPT_N5,rl<d#jP#zf
～時間,～じかん,~ hours,~ jam,JLPT JLPT_5 JLPT_N5,PfD-$$uDhD
仕事,しごと,"work, job, occupation, employment","pekerjaan, pekerjaan, pekerjaan, pekerjaan",Genki Genki_Ln.1 Genki_Ln.8 JLPT JLPT_5 JLPT_N5,BpR$XStq*~
辞書,じしょ,dictionary,kamus,Genki Genki_Ln.2 JLPT JLPT_5 JLPT_N5,Ls?+XP<x!7
静か,しずか,"quiet, calm","tenang, tenang",JLPT JLPT_5 JLPT_N5,P>BDZl[pK4
下,した,"under, below, beneath","di bawah, di bawah, di bawah",JLPT JLPT_3 JLPT_5 JLPT_N5,j8V7%&V*V9
七,しち,seven,tujuh,JLPT JLPT_3 JLPT_5 JLPT_N5,d9Ei.i(]l3
質問,しつもん,"question, inquiry","pertanyaan, penyelidikan",Intermediate_Japanese Intermediate_Japanese_Ln.2 JLPT JLPT_5 JLPT_N5,hbG&tzjk([
自転車,じてんしゃ,bicycle,sepeda,Genki Genki_Ln.2 JLPT JLPT_5 JLPT_N5,cQ/jE!IBMW
自動車,じどうしゃ,automobile,mobil,JLPT JLPT_5 JLPT_N5,s>B81r@vvP
死ぬ,しぬ,to die,untuk mati,Genki Genki_Ln.6 JLPT JLPT_5 JLPT_N5,DTv8zMSE:A
字引,じびき,dictionary,kamus,JLPT JLPT_5 JLPT_N5,"q(KV,tLbs@"
自分,じぶん,"myself, oneself","diriku sendiri, diriku sendiri",Genki Genki_Ln.17 Intermediate_Japanese Intermediate_Japanese_Ln.1 JLPT JLPT_5 JLPT_N5,PVgO:!yY%&
閉まる,しまる,"to close, to be closed","untuk menutup, untuk ditutup",JLPT JLPT_5 JLPT_N5,gcQz%z-FEM
閉める,しめる,"to close, to shut","untuk menutup, untuk menutup",JLPT JLPT_3 JLPT_5 JLPT_N5,gf.^6?5[K1
締める,しめる,"to tie, to fasten, to tighten","untuk mengikat, mengencangkan, mengencangkan",JLPT JLPT_3 JLPT_5 JLPT_N5,zslBUbe/:)
じゃ; じゃあ,じゃ; じゃあ,"well, well then","baiklah, kalau begitu",JLPT JLPT_3 JLPT_5 JLPT_N5,I*;H$6{i?j
写真,しゃしん,a picture; a photograph,sebuah gambar;,Genki Genki_Ln.4 Intermediate_Japanese Intermediate_Japanese_Ln.4 JLPT JLPT_5 JLPT_N5,uE&XA7mYm9
シャツ,シャツ,shirt,kemeja,Genki Genki_Ln.10 JLPT JLPT_5 JLPT_N5,ubVcrQ$8%@
シャワー,シャワー,shower,mandi,JLPT JLPT_5 JLPT_N5,op46S^HFU7
十,じゅう,ten,sepuluh,JLPT JLPT_3 JLPT_5 JLPT_N5,t#RE}A*?;i
～中,～じゅう,"during, while","selama, sementara",JLPT JLPT_2 JLPT_5 JLPT_N5,GjJjAMMc<N
～週間,～しゅうかん,~ weeks,~ minggu,JLPT JLPT_5 JLPT_N5,B5/n=cEC&j
授業,じゅぎょう,a class (of school),sebuah kelas (sekolah),Genki Genki_Ln.11 Intermediate_Japanese Intermediate_Japanese_Ln.3 JLPT JLPT_2 JLPT_5 JLPT_N5,In^9^.q{~0
宿題,しゅくだい,homework,pekerjaan rumah,Genki Genki_Ln.5 Intermediate_Japanese Intermediate_Japanese_Ln.1 JLPT JLPT_5 JLPT_N5,PE;OT+iIoY
上手,じょうず,"be good at, skillful","pandai, terampil",JLPT JLPT_5 JLPT_N5,zE7uPe$TPk
丈夫,じょうぶ,"strong, solid, durable","kuat, padat, tahan lama",JLPT JLPT_5 JLPT_N5,"rzxPYrs,=L"
醤油,しょうゆ,soy sauce,kecap,Genki Genki_Ln.18 JLPT JLPT_5 JLPT_N5,Cx=6Q3yGAf
食堂,しょくどう,"cafeteria, dining hall","kantin, ruang makan",Genki Genki_Ln.7 JLPT JLPT_5 JLPT_N5,q/e+PknS.X
知る,しる,"to know, to understand","untuk mengetahui, untuk memahami",Genki Genki_Ln.7 JLPT JLPT_5 JLPT_N5,jmoS>4h`&Q
白,しろ,white,putih,JLPT JLPT_3 JLPT_5 JLPT_N5,?4vV_taj)
白い,しろい,white,putih,Genki Genki_Ln.9 JLPT JLPT_5 JLPT_N5,yL-#%FMe~@
～人,～じん,counter for people,counter untuk orang-orang,JLPT JLPT_5 JLPT_N5,cRB`piJTT=
新聞,しんぶん,newspaper,koran,Genki Genki_Ln.2 JLPT JLPT_5 JLPT_N5,u)<uacY_Qa
水曜日,すいようび,Wednesday,Rabu,Genki Genki_Ln.4 JLPT JLPT_5 JLPT_N5,kl%)(*`5]a
吸う,すう,"to breathe in, to suck","untuk bernapas, untuk menghisap",JLPT JLPT_3 JLPT_5 JLPT_N5,wwi3CXCv2|
スカート,スカート,skirt,rok,Genki Genki_Ln.18 JLPT JLPT_5 JLPT_N5,NE$eFg+K&Y
好き,すき,"liking, fondness, love","kesukaan, kesukaan, cinta",JLPT JLPT_5 JLPT_N5,B}kz{&9>=0
～すぎ,～すぎ,"past; to exceed, ~ too much",masa lalu;,JLPT JLPT_5 JLPT_N5,D/A*oT1;-^
少ない,すくない,a little; a few,sedikit;,Genki Genki_Ln.17 JLPT JLPT_5 JLPT_N5,O}E#|bt5>=
すぐに,すぐに,"immediately, soon","segera, segera",JLPT JLPT_5 JLPT_N5,c+_z#9>We^
少し,すこし,"little, few","sedikit, sedikit",Genki Genki_Ln.21 JLPT JLPT_5 JLPT_N5,LEWblI/l<)
涼しい,すずしい,"cool, refreshing (in reference to weather)","sejuk, menyegarkan (mengacu pada cuaca)",Genki Genki_Ln.10 JLPT JLPT_5 JLPT_N5,y%0&)B2:*;
～ずつ,～ずつ,at a time,pada suatu waktu,JLPT JLPT_5 JLPT_N5,e7*dq)(1^5
ストーブ,ストーブ,heater (lit: stove),pemanas (menyala: kompor),Genki Genki_Ln.17 JLPT JLPT_5 JLPT_N5,xw_f78(-:7
スプーン,スプーン,spoon,sendok,JLPT JLPT_5 JLPT_N5,FjQLk(n?P#
スポーツ,スポーツ,sport(s),olahraga,Genki Genki_Ln.3 JLPT JLPT_5 JLPT_N5,F^wO!?E%?^
ズボン,ズボン,trousers,celana panjang,JLPT JLPT_5 JLPT_N5,"FU-<z{1,6("
住む,すむ,"to reside, to live in","untuk tinggal, untuk tinggal di",JLPT JLPT_3 JLPT_5 JLPT_N5,ym>?}%jeF+
する,する,"to do, to try; to wear small items (e.g., necktie, watch, etc.)","untuk melakukan, mencoba;",Genki Genki_Ln.17 JLPT JLPT_3 JLPT_5 JLPT_N5,"LT|A_z,G+T"
座る,すわる,to sit,untuk duduk,JLPT JLPT_5 JLPT_N5,dn)bcr6wXa
背,せい,"(one's) height, stature","tinggi (seseorang), tinggi badan",Intermediate_Japanese Intermediate_Japanese_Ln.4 JLPT JLPT_3 JLPT_5 JLPT_N5,xQDy{9R)S2
生徒,せいと,student; pupil,murid;,Intermediate_Japanese Intermediate_Japanese_Ln.5 JLPT JLPT_5 JLPT_N5,c2wTXo?)*o
セーター,セーター,sweater,sweter,Genki Genki_Ln.13 JLPT JLPT_5 JLPT_N5,NSeOhKH2D6
石鹸,せっけん,soap,sabun,JLPT JLPT_5 JLPT_N5,tY/1~r6Mz5
背広,せびろ,men's suit,jas pria,Intermediate_Japanese Intermediate_Japanese_Ln.9 JLPT JLPT_5 JLPT_N5,w`:i7/YHYU
狭い,せまい,narrow; not spacious,sempit;,Genki Genki_Ln.12 Intermediate_Japanese Intermediate_Japanese_Ln.15 JLPT JLPT_5 JLPT_N5,yDZurM]5mn
ゼロ,ゼロ,zero,nol,JLPT JLPT_5 JLPT_N5,G~4~zg|xJJ
千,せん,thousand,ribu,JLPT JLPT_5 JLPT_N5,IvU;IZmo9!
先月,せんげつ,last month,bulan lalu,Genki Genki_Ln.9 Intermediate_Japanese Intermediate_Japanese_Ln.1 JLPT JLPT_5 JLPT_N5,RcD!zS6[>I
先週,せんしゅう,last week,minggu lalu,Genki Genki_Ln.4 JLPT JLPT_5 JLPT_N5,EbyugR;^Rz
先生,せんせい,"teacher, professor; master; doctor","guru, profesor;",Genki Genki_Ln.1 JLPT JLPT_5 JLPT_N5,A`19t`6J6t
洗濯,せんたく,"washing, laundry","mencuci, mencuci",Intermediate_Japanese Intermediate_Japanese_Ln.11 JLPT JLPT_3 JLPT_5 JLPT_N5,vQ&mbAJqN7
全部,ぜんぶ,"all, entire, whole","semua, keseluruhan, keseluruhan",Genki Genki_Ln.13 Intermediate_Japanese Intermediate_Japanese_Ln.3 JLPT JLPT_5 JLPT_N5,MgJu@!Fk&_
そう; そうです,そう; そうです,"yes; appears, to be the case",Ya;,JLPT JLPT_5 JLPT_N5,kkfDg[|_Yb
掃除,そうじ (する),"cleaning, sweeping","membersihkan, menyapu",JLPT JLPT_3 JLPT_5 JLPT_N5,LKKhbs9g8/
そうして; そして,そうして; そして,"and, like that","dan, seperti itu",JLPT JLPT_5 JLPT_N5,C/Lx0#`!+J
そこ,そこ,"that place, there; bottom, sole","tempat itu, di sana;",Genki Genki_Ln.4 JLPT JLPT_2 JLPT_3 JLPT_5 JLPT_N5,v56KFY.>v@
そちら,そちら,over there,di sana,JLPT JLPT_5 JLPT_N5,xbjis~A;+*
そっち,そっち,over there,di sana,JLPT JLPT_5 JLPT_N5,#PXdxM^5L
外,そと,"outside, exterior","luar, eksterior",Genki Genki_Ln.18 Intermediate_Japanese Intermediate_Japanese_Ln.2 JLPT JLPT_5 JLPT_N5,AFB3>g85F]
その,その,that,itu,JLPT JLPT_3 JLPT_5 JLPT_N5,C2OIF=[)E_
そば,そば,"near, close, beside; Japanese traditional buckwheat noodle","dekat, dekat, di samping;",Genki Genki_Ln.15 JLPT JLPT_3 JLPT_5 JLPT_N5,M)]t*`<F@c
空,そら,sky,langit,JLPT JLPT_5 JLPT_N5,D.6b;1{88^
それ,それ,that one,yang itu,Genki Genki_Ln.2 JLPT JLPT_3 JLPT_5 JLPT_N5,t%n)3@@XX+
それから,それから,"and then, after that","dan kemudian, setelah itu",Intermediate_Japanese Intermediate_Japanese_Ln.1 JLPT JLPT_5 JLPT_N5,sV(hn]KLzr
それでは,それでは,"in that situation, well then...","dalam situasi itu, kalau begitu...",JLPT JLPT_5 JLPT_N5,"v[]T|jw&,["
～台,～だい,counter for vehicles; machines,loket untuk kendaraan;,JLPT JLPT_5 JLPT_N5,ztM0ejgNN~
大学,だいがく,college; university,kampus;,Genki Genki_Ln.1 JLPT JLPT_5 JLPT_N5,kHyc<WfmUQ
大使館,たいしかん,embassy,kedutaan,JLPT JLPT_5 JLPT_N5,"n?Lz{tQ,#T"
大丈夫,だいじょうぶ,It's ok (all right); No need to worry; Everything is under control,Tidak apa-apa (baiklah);,Genki Genki_Ln.5 Intermediate_Japanese Intermediate_Japanese_Ln.3 JLPT JLPT_5 JLPT_N5,nEIlSJfx#r
大好き,だいすき,"very like-able, like very much","sangat disukai, sangat disukai",JLPT JLPT_5 JLPT_N5,"AZ,CM~A,0E"
大切,たいせつ,important,penting,JLPT JLPT_5 JLPT_N5,tu70?MYeL5
台所,だいどころ,kitchen,dapur,JLPT JLPT_5 JLPT_N5,bbB25MOf:$
大変,たいへん,"very; difficult, hard",sangat;,JLPT JLPT_3 JLPT_5 JLPT_N5,NIbD<|-[1y
高い,たかい,"tall, high; expensive","tinggi, tinggi;",Genki Genki_Ln.2 JLPT JLPT_5 JLPT_N5,veG&GbRNS(
～だけ,～だけ,"only ~, just ~, as ~","hanya ~, hanya ~, sebagai ~",JLPT JLPT_1 JLPT_5 JLPT_N5,Lcbr*3r3b5
沢山,たくさん,"many, much","banyak, banyak",JLPT JLPT_5 JLPT_N5,v7m[:9zL*Y
タクシー,タクシー,taxi,taksi,JLPT JLPT_5 JLPT_N5,k8!n/<-@<9
出す,だす,to take (something) out; to hand in (something),untuk mengambil (sesuatu) keluar;,Genki Genki_Ln.16 JLPT JLPT_5 JLPT_N5,bt0(EU(<V_
～たち,～たち,plural suffix,akhiran jamak,JLPT JLPT_5 JLPT_N5,Opbd!87m@p
立つ,たつ,to stand up,untuk berdiri,Genki Genki_Ln.6 JLPT JLPT_3 JLPT_5 JLPT_N5,z+IsiLqO4K
たて,たて,"length, height","panjang, tinggi",JLPT JLPT_3 JLPT_5 JLPT_N5,L8wVt#MfRS
建物,たてもの,building,bangunan,Intermediate_Japanese Intermediate_Japanese_Ln.5 JLPT JLPT_5 JLPT_N5,mty2M&KETp
楽しい,たのしい,"enjoyable, fun","menyenangkan, menyenangkan",Genki Genki_Ln.5 JLPT JLPT_5 JLPT_N5,eD~FeZpJXC
頼む,たのむ,"to request, to ask (a favor)","meminta, meminta (bantuan)",Genki Genki_Ln.18 Intermediate_Japanese Intermediate_Japanese_Ln.3 JLPT JLPT_5 JLPT_N5,zjk+2%xAp%
たばこ,たばこ,"tobacco, cigarettes","tembakau, rokok",JLPT JLPT_5 JLPT_N5,y<?W4xcfCN
多分,たぶん,"perhaps, probably, maybe","mungkin, mungkin, mungkin",Genki Genki_Ln.12 Intermediate_Japanese Intermediate_Japanese_Ln.2 JLPT JLPT_3 JLPT_5 JLPT_N5,pNDK+)ARo
食べ物,たべもの,food,makanan,Genki Genki_Ln.5 JLPT JLPT_5 JLPT_N5,ODKLC3jdI>
食べる,たべる,to eat,untuk makan,JLPT JLPT_5 JLPT_N5,c.+pIV(7xY
卵,たまご,egg,telur,Intermediate_Japanese Intermediate_Japanese_Ln.6 JLPT JLPT_5 JLPT_N5,c|(S)f_).K
誰,だれ,who,WHO,Genki Genki_Ln.2 JLPT JLPT_5 JLPT_N5,gDqm6J+#/O
誰か,だれか,someone,seseorang,JLPT JLPT_3 JLPT_5 JLPT_N5,K{JPl*mB/&
誕生日,たんじょうび,birthday,hari ulang tahun,Genki Genki_Ln.5 JLPT JLPT_5 JLPT_N5,HV8#h@HniT
段々,だんだん,"gradually, by degrees","secara bertahap, sedikit demi sedikit",JLPT JLPT_5 JLPT_N5,O8dRR}CL>
小さい,ちいさい,"small, little","kecil, sedikit",Genki Genki_Ln.5 JLPT JLPT_5 JLPT_N5,LNu9:vy!G1
小さな,ちいさな,"small, little","kecil, sedikit",JLPT JLPT_5 JLPT_N5,lc*~Cd~D@4
近い,ちかい,"near, close by, short","dekat, dekat, pendek",Genki Genki_Ln.13 JLPT JLPT_5 JLPT_N5,"ttC.1]n,0|"
違う,ちがう,to be different; to differ; wrong,menjadi berbeda;,Genki Genki_Ln.23 Intermediate_Japanese Intermediate_Japanese_Ln.1 JLPT JLPT_5 JLPT_N5,N2Hj9)qK/l
近く,ちかく,nearby; in the neighborhood,di dekat sini;,Intermediate_Japanese Intermediate_Japanese_Ln.1 JLPT JLPT_5 JLPT_N5,y)Y*_^+)&<
地下鉄,ちかてつ,"underground train, subway","kereta bawah tanah, kereta bawah tanah",Genki Genki_Ln.10 JLPT JLPT_5 JLPT_N5,MEsyrZ*cPc
地図,ちず,a map,sebuah peta,Genki Genki_Ln.15 Intermediate_Japanese Intermediate_Japanese_Ln.12 JLPT JLPT_5 JLPT_N5,dhY*~Tx!fs
父,ちち,(my) father,ayah (saya).,Genki Genki_Ln.7 JLPT JLPT_5 JLPT_N5,QKI#T(oT`t
茶色,ちゃいろ,brown,cokelat,JLPT JLPT_5 JLPT_N5,h<Se0W>cwB
茶碗,ちゃわん,rice bowl,tempat nasi,JLPT JLPT_5 JLPT_N5,p6c8>jnMm!
～中,～ちゅう,"during, while ~ing","selama, sambil ~ing",JLPT JLPT_5 JLPT_N5,J]E)zcwU%w
丁度,ちょうど,"just, right, exactly",tepat sekali,JLPT JLPT_5 JLPT_N5,K@fxH}$AC8
ちょっと,ちょっと,"a little, somewhat; just a little, somewhat","sedikit, agak;",Genki Genki_Ln.3 JLPT JLPT_2 JLPT_5 JLPT_N5,j)OcO!#[%u
一日,ついたち,one day; first day of the month,Satu hari;,JLPT JLPT_5 JLPT_N5,qK&D4iveg
使う,つかう,to use,untuk digunakan,JLPT JLPT_5 JLPT_N5,B(Ve/L8[z5
疲れる,つかれる,to get (become) tired; to become fatigued,menjadi (menjadi) lelah;,Genki Genki_Ln.11 Intermediate_Japanese Intermediate_Japanese_Ln.10 JLPT JLPT_5 JLPT_N5,Oil7l6nt$n
次,つぎ,next,Berikutnya,Genki Genki_Ln.6 JLPT JLPT_5 JLPT_N5,IPls}w5_e-
着く,つく,"to arrive at, to reach","untuk tiba, untuk mencapai",JLPT JLPT_3 JLPT_5 JLPT_N5,hc-pfPX>PQ
机,つくえ,desk,meja,Genki Genki_Ln.4 Intermediate_Japanese Intermediate_Japanese_Ln.10 JLPT JLPT_5 JLPT_N5,G!9kEn9Y>c
作る,つくる,"to make, to create","untuk membuat, untuk menciptakan",Genki Genki_Ln.8 JLPT JLPT_5 JLPT_N5,dlanfH_M#M
つける,つける,"to turn on (e.g., a light); to take","untuk menyalakan (misalnya, lampu);",JLPT JLPT_3 JLPT_4 JLPT_5 JLPT_N5,o}z*=/A8o~
勤める,つとめる,to work (for),untuk bekerja (untuk),JLPT JLPT_5 JLPT_N5,xKU$$gsQPF
つまらない,つまらない,"boring, dull; insignificant","membosankan, membosankan;",Genki Genki_Ln.5 JLPT JLPT_5 JLPT_N5,HL~a;+T`kY
冷たい,つめたい,"cold (things, people)","dingin (benda, orang)",Genki Genki_Ln.10 JLPT JLPT_5 JLPT_N5,v8vDEW[6Rh
強い,つよい,"strong, powerful","kuat, kuat",Genki Genki_Ln.17 Intermediate_Japanese Intermediate_Japanese_Ln.13 JLPT JLPT_5 JLPT_N5,d[wde~o@q(
手,て,hand,tangan,JLPT JLPT_5 JLPT_N5,CAHcCP96BY
テープ,テープ,tape,tape,Genki Genki_Ln.2 JLPT JLPT_5 JLPT_N5,"H|,pBh(;BD"
テープレコーダー,テープレコーダー,tape recorder,perekam pita,JLPT JLPT_5 JLPT_N5,izd^3[1~Pe
テーブル,テーブル,table,meja,JLPT JLPT_5 JLPT_N5,n-.M5OZr5!
出かける,でかける,to go out; to depart,untuk keluar;,Genki Genki_Ln.5 JLPT JLPT_5 JLPT_N5,Fx}b2N2gun
手紙,てがみ,letter,surat,Genki Genki_Ln.4 JLPT JLPT_5 JLPT_N5,M#PC#!OTka
できる,できる,to be able to (to accomplish),untuk dapat (untuk mencapai),JLPT JLPT_3 JLPT_4 JLPT_5 JLPT_N5,vB~NGv+*>H
出口,でぐち,an exit,sebuah jalan keluar,Intermediate_Japanese Intermediate_Japanese_Ln.7 JLPT JLPT_5 JLPT_N5,sv__368x5>
テスト,テスト,test,tes,Genki Genki_Ln.5 JLPT JLPT_5 JLPT_N5,Lhy<!{J6SG
では,では,"then, well, so","lalu, baiklah, jadi",JLPT JLPT_3 JLPT_5 JLPT_N5,NY{|SsdlKz
デパート,デパート,(abbr.) department store,(singkatan) toko serba ada,Genki Genki_Ln.4 JLPT JLPT_5 JLPT_N5,rd.b%pP~B0
でも,でも,"but, however","tapi, bagaimanapun",JLPT JLPT_3 JLPT_5 JLPT_N5,izQ~3T7Pp}
出る,でる,"to appear, to leave","untuk muncul, untuk pergi",JLPT JLPT_5 JLPT_N5,A23ctPX1n^
テレビ,テレビ,"television, TV","televisi, televisi",Genki Genki_Ln.3 JLPT JLPT_5 JLPT_N5,pQXZQB+G|d
天気,てんき,weather,cuaca,Genki Genki_Ln.5 JLPT JLPT_5 JLPT_N5,vm1l+4c[9
電気,でんき,"electricity, (electric) light","listrik, lampu (listrik).",Genki Genki_Ln.6 JLPT JLPT_5 JLPT_N5,HsW5jIb;SC
電車,でんしゃ,electric train,kereta listrik,Genki Genki_Ln.6 JLPT JLPT_5 JLPT_N5,e?+NxLTOv
電話,でんわ,a telephone,sebuah telepon,Genki Genki_Ln.1 JLPT JLPT_5 JLPT_N5,"Q,geq&8^pJ"
戸,と,door (Japanese style),pintu (gaya Jepang),JLPT JLPT_5 JLPT_N5,o.K?EMap~;
～度,～ど,counter for occurrences; ~ degree; ~ point,counter untuk kejadian;,JLPT JLPT_1 JLPT_5 JLPT_N5,K9|0UgYaJ_
ドア,ドア,door (Western style),pintu (gaya Barat),JLPT JLPT_5 JLPT_N5,l[rk}4@PVD
トイレ,トイレ,bathroom; toilet,kamar mandi;,Intermediate_Japanese Intermediate_Japanese_Ln.10 JLPT JLPT_5 JLPT_N5,hv_ThfFsjj
どう,どう,"how, in what way","bagaimana, dengan cara apa",JLPT JLPT_5 JLPT_N5,FZt/a?Mnu^
どうして,どうして,"why, for what reason","mengapa, untuk alasan apa",Genki Genki_Ln.4 JLPT JLPT_5 JLPT_N5,s<(2V@f6ff
どうぞ,どうぞ,"please, kindly, by all means","tolong, mohon, dengan segala cara",JLPT JLPT_5 JLPT_N5,CXiSJodxs@
動物,どうぶつ,animal,hewan,Intermediate_Japanese Intermediate_Japanese_Ln.10 JLPT JLPT_5 JLPT_N5,Q~mPY;2upw
どうも,どうも,Thank you; somehow; no matter how hard one may try,Terima kasih;,Genki Genki_Ln.2 Intermediate_Japanese Intermediate_Japanese_Ln.1 JLPT JLPT_5 JLPT_N5,"Maz]_B`w,4"
十,(〜を) とお,ten (~),sepuluh (~),Genki Genki_Ln.9 JLPT JLPT_3 JLPT_5 JLPT_N5,BjWdBTc)9!
遠い,とおい,"far (away), distant","jauh (jauh), jauh",Genki Genki_Ln.21 JLPT JLPT_5 JLPT_N5,Jl9yYXnyJ<
十日,とおか,ten days; tenth day of the month,sepuluh hari;,Genki Genki_Ln.13 JLPT JLPT_5 JLPT_N5,g[CNT&GA2[
～時,～とき,at the time of ~,pada saat ~,JLPT JLPT_3 JLPT_5 JLPT_N5,bGLp[lZC.;
時々,ときどき,sometimes,Kadang-kadang,Genki Genki_Ln.3 JLPT JLPT_5 JLPT_N5,s+W64X?THZ
時計,とけい,a watch; a clock,sebuah jam tangan;,Genki Genki_Ln.2 Intermediate_Japanese Intermediate_Japanese_Ln.2 JLPT JLPT_5 JLPT_N5,u/fL<ne:Cb
どこ,どこ,"where, what place","dimana, tempat apa",Genki Genki_Ln.2 JLPT JLPT_5 JLPT_N5,h_Fa6?Ps@9
所,ところ,place,tempat,Genki Genki_Ln.8 Intermediate_Japanese Intermediate_Japanese_Ln.1 JLPT JLPT_5 JLPT_N5,J`^6YmuA-0
年,とし,"year, age","tahun, usia",JLPT JLPT_3 JLPT_5 JLPT_N5,N=hcG9wG3;
図書館,としょかん,library,perpustakaan,Genki Genki_Ln.2 Intermediate_Japanese Intermediate_Japanese_Ln.5 JLPT JLPT_5 JLPT_N5,mp0X0~7Y`^
どちら,どちら,which (one) (way); where (polite),yang mana (satu) (jalan);,Genki Genki_Ln.10 Genki_Ln.19 JLPT JLPT_5 JLPT_N5,pW(ud@AhIx
どっち,どっち,"which one, which way","yang mana, ke arah mana",Genki Genki_Ln.10 JLPT JLPT_5 JLPT_N5,"PxI,t`JQ.N"
とても,とても,"very (much), greatly, exceedingly","sangat (banyak), sangat, sangat",Genki Genki_Ln.5 Intermediate_Japanese Intermediate_Japanese_Ln.1 JLPT JLPT_3 JLPT_5 JLPT_N5,t]2-1h#)V/
どなた,どなた,who,WHO,JLPT JLPT_5 JLPT_N5,Ll)TbcW$yb
隣,となり,"next to, next door to","di sebelah, di sebelah",Intermediate_Japanese Intermediate_Japanese_Ln.1 JLPT JLPT_5 JLPT_N5,GigT2yQ[2E
どの,どの,which,yang,JLPT JLPT_5 JLPT_N5,H+g1ci<Mvc
飛ぶ,とぶ,"to fly, to hop","untuk terbang, untuk melompat",JLPT JLPT_5 JLPT_N5,wLF5gUV](>
止まる,とまる,to come to a halt,untuk berhenti,JLPT JLPT_5 JLPT_N5,Q+OrrzleWd
友達,ともだち,friend,teman,Genki Genki_Ln.1 Intermediate_Japanese Intermediate_Japanese_Ln.1 JLPT JLPT_5 JLPT_N5,E)w$/p&I#O
土曜日,どようび,Saturday,Sabtu,Genki Genki_Ln.3 JLPT JLPT_3 JLPT_5 JLPT_N5,Q%+.*M.E9m
鳥,とり,"chicken (lit., bird)","ayam (lit., burung)",Intermediate_Japanese Intermediate_Japanese_Ln.6 JLPT JLPT_5 JLPT_N5,lc>;F##&%m
鶏肉,とりにく,chicken meat,daging ayam,JLPT JLPT_5 JLPT_N5,dL<c9&FvJF
取る,とる,to take (a class); to get (a grade),untuk mengambil (kelas);,Genki Genki_Ln.11 Intermediate_Japanese Intermediate_Japanese_Ln.1 JLPT JLPT_5 JLPT_N5,bLpD3ABv2g
撮る,とる,"to take (a photo), to make (a film)","untuk mengambil (foto), untuk membuat (film)",JLPT JLPT_5 JLPT_N5,w7O/i=vkEI
どれ,どれ,which one,yang mana,Genki Genki_Ln.2 JLPT JLPT_3 JLPT_5 JLPT_N5,icGG-;4x}M
どんな,どんな,"what, what kind of","apa, jenis apa",JLPT JLPT_3 JLPT_5 JLPT_N5,PZ~[>!hd8m
ない,ない,"there isn't, doesn't have","tidak ada, tidak punya",JLPT JLPT_5 JLPT_N5,I08@<2+DPk
ナイフ,ナイフ,knife,pisau,JLPT JLPT_5 JLPT_N5,domhg)5M&Q
中,なか,"inside, middle, among","di dalam, tengah, di antara",JLPT JLPT_3 JLPT_5 JLPT_N5,rVjcK=lE15
長い,ながい,"long, lengthy","panjang, panjang",Genki Genki_Ln.7 Intermediate_Japanese Intermediate_Japanese_Ln.4 JLPT JLPT_2 JLPT_5 JLPT_N5,EHO`14{d-(
鳴く,なく,to make sound (animal),untuk mengeluarkan suara (hewan),JLPT JLPT_5 JLPT_N5,"ivpv*G,Zm%"
無くす,なくす,to lose something,kehilangan sesuatu,JLPT JLPT_3 JLPT_5 JLPT_N5,dteDI+R~`W
なぜ,なぜ,why (same as どうして),kenapa (sama dengan どうして),Genki Genki_Ln.19 JLPT JLPT_5 JLPT_N5,Cvs*YiG5BD
夏,なつ,summer,musim panas,Genki Genki_Ln.8 Intermediate_Japanese Intermediate_Japanese_Ln.4 JLPT JLPT_5 JLPT_N5,"P,[b8Eh|6R"
夏休み,なつやすみ,summer vacation,liburan musim panas,JLPT JLPT_5 JLPT_N5,D=cA)b0@~(
～など,～など,et cetera,dan sebagainya,JLPT JLPT_3 JLPT_5 JLPT_N5,"e(]O3py,;2"
七つ,ななつ,seven things,tujuh hal,Genki Genki_Ln.9 JLPT JLPT_3 JLPT_5 JLPT_N5,G25u:w`9Xu
何,なん; なに,what,Apa,Genki Genki_Ln.1 JLPT JLPT_3 JLPT_5 JLPT_N5,g<hW@mElnM
七日,なのか,seven days; seventh day (of the month),tujuh hari;,Genki Genki_Ln.13 JLPT JLPT_5 JLPT_N5,I|+G2AT>J]
名前,なまえ,name,nama,Genki Genki_Ln.1 JLPT JLPT_5 JLPT_N5,e6o_CEx8)b
習う,ならう,to learn,untuk belajar,Genki Genki_Ln.11 JLPT JLPT_5 JLPT_N5,iV+xor)WZT
並ぶ,ならぶ,"to line up, to stand in a line (v.i.)","berbaris, berdiri dalam barisan (v.i.)",Intermediate_Japanese Intermediate_Japanese_Ln.7 JLPT JLPT_5 JLPT_N5,nIHPO#>_}+
並べる,ならべる,to put (things) side by side; to line up,untuk meletakkan (sesuatu) berdampingan;,Intermediate_Japanese Intermediate_Japanese_Ln.15 JLPT JLPT_5 JLPT_N5,n!B94UfoT6
なる,なる,to become,menjadi,Genki Genki_Ln.10 JLPT JLPT_3 JLPT_5 JLPT_N5,ukKTUxR2lk
何～,なん～,what sort of ~,seperti apa ~,JLPT JLPT_5 JLPT_N5,C!@pB0L*^>
二,に,two,dua,JLPT JLPT_5 JLPT_N5,uzD!:&B)8|
にぎやか,にぎやか,"bustling, busy","ramai, sibuk",JLPT JLPT_5 JLPT_N5,cIb<bg#^)L
肉,にく,meat,daging,Genki Genki_Ln.2 JLPT JLPT_5 JLPT_N5,Go(gh2eIxK
西,にし,west,Barat,JLPT JLPT_5 JLPT_N5,D!YA^58RBg
～日,～にち,"~ day of the month, for ~ days","~ hari dalam sebulan, selama ~ hari",JLPT JLPT_5 JLPT_N5,DbJ@Azg05L
日曜日,にちようび,Sunday,Minggu,Genki Genki_Ln.3 JLPT JLPT_3 JLPT_5 JLPT_N5,XSi31p{-G
荷物,にもつ,luggage; baggage,bagasi;,Genki Genki_Ln.6 Intermediate_Japanese Intermediate_Japanese_Ln.6 JLPT JLPT_5 JLPT_N5,MH72iI!<]q
ニュース,ニュース,news,berita,Genki Genki_Ln.17 JLPT JLPT_5 JLPT_N5,"iHtE.]1*,&"
庭,にわ,garden,kebun,Genki Genki_Ln.15 JLPT JLPT_5 JLPT_N5,f&>q3YTU?H
～人,～にん,counter for people,counter untuk orang-orang,JLPT JLPT_5 JLPT_N5,FNnJ8yNPin
脱ぐ,ぬぐ,to take off (clothes),melepas (pakaian),Genki Genki_Ln.17 JLPT JLPT_5 JLPT_N5,cM_g)oAQIs
温い,ぬるい,lukewarm,suam-suam kuku,JLPT JLPT_3 JLPT_5 JLPT_N5,"gfQAF/k(q,"
ネクタイ,ネクタイ,"tie, necktie","dasi, dasi",Genki Genki_Ln.14 JLPT JLPT_5 JLPT_N5,AQO{m&veen
猫,ねこ,cat,kucing,Genki Genki_Ln.4 JLPT JLPT_5 JLPT_N5,x^.ijbc4Mz
寝る,ねる,to sleep; to go to sleep; to go to bed,untuk tidur;,Genki Genki_Ln.3 Intermediate_Japanese Intermediate_Japanese_Ln.2 JLPT JLPT_5 JLPT_N5,PAI>}YTMT!
～年,～ねん,~ years,~ tahun,JLPT JLPT_5 JLPT_N5,"gYAXz}z6O,"
ノート,ノート,notebook,buku catatan,Genki Genki_Ln.2 JLPT JLPT_5 JLPT_N5,Go~p$PSFcm
登る,のぼる,to climb,untuk mendaki,JLPT JLPT_3 JLPT_5 JLPT_N5,unM=ha?S3d
飲み物,のみもの,"drink, beverage","minuman, minuman",Genki Genki_Ln.5 JLPT JLPT_5 JLPT_N5,"k?X,84{EZ8"
飲む,のむ,to drink,untuk minum,JLPT JLPT_5 JLPT_N5,C;cf;f4#r6
乗る,のる,"to get on, to ride in, to board","untuk naik, naik, naik",JLPT JLPT_3 JLPT_5 JLPT_N5,J~ykS_Bo0m
歯,は,tooth,gigi,Genki Genki_Ln.12 Intermediate_Japanese Intermediate_Japanese_Ln.12 JLPT JLPT_5 JLPT_N5,J1;2F+tdr`
パーティー,パーティー,a party,sebuah pesta,Genki Genki_Ln.8 JLPT JLPT_5 JLPT_N5,O}o_r|!syk
はい,はい,yes,Ya,Genki Genki_Ln.1 JLPT JLPT_3 JLPT_5 JLPT_N5,Q.;:Q&Nmh}
～杯,～はい,counter for cupfuls,counter untuk secangkir penuh,JLPT JLPT_5 JLPT_N5,JTOz#Az0jW
灰皿,はいざら,ashtray,asbak,JLPT JLPT_5 JLPT_N5,mAdBNp<Jp$
入る,はいる,"to enter, to contain, to hold","untuk masuk, untuk menampung, untuk menahan",JLPT JLPT_5 JLPT_N5,zZFQIc).TB
葉書,はがき,postcard,kartu pos,Genki Genki_Ln.5 JLPT JLPT_5 JLPT_N5,jer83m7P=.
はく,はく,to put on (items below your waist),untuk dipakai (barang di bawah pinggang Anda),Genki Genki_Ln.7 JLPT JLPT_3 JLPT_5 JLPT_N5,oRjJ`o{id)
箱,はこ,box,kotak,JLPT JLPT_5 JLPT_N5,D@BX&%Fydt
橋,はし,bridge,menjembatani,JLPT JLPT_3 JLPT_5 JLPT_N5,gMcz>SvPjQ
箸,はし,chopsticks,sumpit,Genki Genki_Ln.8 JLPT JLPT_3 JLPT_5 JLPT_N5,vlWz[4OAnE
始まる,はじまる,(something) begins,(sesuatu) dimulai,Genki Genki_Ln.9 JLPT JLPT_5 JLPT_N5,g7#i$_:K%6
初め; 始め,はじめ,"beginning, start","mulai, mulai",JLPT JLPT_3 JLPT_5 JLPT_N5,Po{k$4o=i}
初めて,はじめて,for the first time,untuk pertama kalinya,Genki Genki_Ln.12 Intermediate_Japanese Intermediate_Japanese_Ln.1 JLPT JLPT_5 JLPT_N5,FM~Al0*F*3
走る,はしる,to run,untuk berlari,Genki Genki_Ln.22 Intermediate_Japanese Intermediate_Japanese_Ln.10 JLPT JLPT_5 JLPT_N5,"B)($ycG+,c"
バス,バス,bus; bath; bass,bis;,Genki Genki_Ln.5 Intermediate_Japanese Intermediate_Japanese_Ln.10 JLPT JLPT_1 JLPT_5 JLPT_N5,nF2zK|?mh~
バター,バター,butter,mentega,JLPT JLPT_5 JLPT_N5,bep_D~c3Ed
二十歳,はたち,20 years old,20 tahun,JLPT JLPT_3 JLPT_5 JLPT_N5,"s,}HT(8Tzb"
働く,はたらく,to work,untuk bekerja,Genki Genki_Ln.11 Intermediate_Japanese Intermediate_Japanese_Ln.9 JLPT JLPT_5 JLPT_N5,fCkP4x.Nco
八,はち,eight,delapan,JLPT JLPT_5 JLPT_N5,maEI.lHT3>
二十日,はつか,"twenty days, twentieth (day of the month)","dua puluh hari, kedua puluh (hari dalam sebulan)",JLPT JLPT_5 JLPT_N5,mmn=3%}>}J
花,はな,flower,bunga,JLPT JLPT_5 JLPT_N5,js_smr~4Ak
鼻,はな,nose,hidung,JLPT JLPT_5 JLPT_N5,"Ft8Z7qnLG,"
話,はなし,"talk (chat), story","bicara (ngobrol), cerita",Genki Genki_Ln.19 JLPT JLPT_5 JLPT_N5,A(<B}*ZSa_
話す,はなす,to speak,untuk berbicara,JLPT JLPT_3 JLPT_5 JLPT_N5,d]>`2&`x#1
母,はは,(my) mother,ibu (saya).,Genki Genki_Ln.14 JLPT JLPT_5 JLPT_N5,I?S_Xs1PT;
早い,はやい,early,lebih awal,Genki Genki_Ln.3 JLPT JLPT_5 JLPT_N5,J6yYVxGFN*
速い,はやい,"fast, quick","cepat, cepat",Genki Genki_Ln.7 Intermediate_Japanese Intermediate_Japanese_Ln.4 JLPT JLPT_5 JLPT_N5,pfU@DZ;h3^
春,はる,spring,musim semi,Genki Genki_Ln.10 Intermediate_Japanese Intermediate_Japanese_Ln.4 JLPT JLPT_3 JLPT_5 JLPT_N5,mlEwn=b[H<
貼る,はる,to post; to paste; to attach,untuk memposting;,Genki Genki_Ln.21 Intermediate_Japanese Intermediate_Japanese_Ln.3 JLPT JLPT_3 JLPT_5 JLPT_N5,zI5j%aDV0.
晴れ,はれ,clear (sunny) weather,cuaca cerah (cerah).,Genki Genki_Ln.12 JLPT JLPT_5 JLPT_N5,nBD2D7_?kw
晴れる,はれる,to be sunny,menjadi cerah,Genki Genki_Ln.19 JLPT JLPT_5 JLPT_N5,ATM=j&::X;
半,はん,"half (e.g., にじはん | half-past two)","setengah (misalnya, にじはん | setengah dua)",Genki Genki_Ln.1 JLPT JLPT_3 JLPT_5 JLPT_N5,s%lRHov]`n
晩,ばん,evening,malam,JLPT JLPT_3 JLPT_5 JLPT_N5,hO?dVEN`5B
～番,～ばん,~st; ~th best,~st;,JLPT JLPT_5 JLPT_N5,b/wgPDiVBg
パン,パン,bread,roti,Genki Genki_Ln.4 JLPT JLPT_5 JLPT_N5,FI2Z[9I*9Q
ハンカチ,ハンカチ,handkerchief,sapu tangan,JLPT JLPT_5 JLPT_N5,yU4LCXkUnv
番号,ばんごう,"number, series of digits","nomor, rangkaian angka",Genki Genki_Ln.1 JLPT JLPT_5 JLPT_N5,c^xE))av$-
晩御飯,ばんごはん,"dinner, evening meal","makan malam, makan malam",Genki Genki_Ln.3 JLPT JLPT_5 JLPT_N5,HihAr>C::*
半分,はんぶん,half,setengah,JLPT JLPT_5 JLPT_N5,DN!/&cg9bL
東,ひがし,east,timur,JLPT JLPT_5 JLPT_N5,"pI3YEa2,3t"
～匹,～ひき,counter for small animals,counter untuk hewan kecil,JLPT JLPT_5 JLPT_N5,ivmKu+!yZ}
引く,ひく,"to pull, to draw; subtract","untuk menarik, menggambar;",JLPT JLPT_2 JLPT_3 JLPT_5 JLPT_N5,tVVM)ZI7wM
弾く,ひく,to play (a string instrument or piano),untuk bermain (instrumen dawai atau piano),Genki Genki_Ln.9 JLPT JLPT_3 JLPT_5 JLPT_N5,HK}b0#P-HS
低い,ひくい,"short, low","pendek, rendah",JLPT JLPT_5 JLPT_N5,BBr{:lP!;x
飛行機,ひこうき,airplane,pesawat terbang,Genki Genki_Ln.5 Intermediate_Japanese Intermediate_Japanese_Ln.1 JLPT JLPT_5 JLPT_N5,OUQ4o:]Va=
左,ひだり,left hand side,sisi kiri,JLPT JLPT_5 JLPT_N5,h_@t6d`1:*
人,ひと,"man, person","manusia, orang",Genki Genki_Ln.4 JLPT JLPT_5 JLPT_N5,ya&#4:D}>{
一つ,ひとつ,one thing,satu hal,Genki Genki_Ln.9 JLPT JLPT_5 JLPT_N5,lMwiFE;gTW
一月,ひとつき,one month,satu bulan,JLPT JLPT_5 JLPT_N5,JU.k{Nz*{h
一人,ひとり,one person,satu orang,Genki Genki_Ln.7 JLPT JLPT_3 JLPT_5 JLPT_N5,rOUMQ8LZ5<
暇,ひま,"free time, leisure","waktu luang, waktu luang",JLPT JLPT_5 JLPT_N5,urDxNZnrq<
百,ひゃく,hundred,ratus,JLPT JLPT_5 JLPT_N5,J;(UasY_=O
病院,びょういん,hospital,RSUD,Genki Genki_Ln.4 JLPT JLPT_5 JLPT_N5,<+#t;D=L-
病気,びょうき,illness; sickness,penyakit;,Genki Genki_Ln.9 Intermediate_Japanese Intermediate_Japanese_Ln.2 JLPT JLPT_5 JLPT_N5,Ibs3I0!xB|
平仮名,ひらがな,hiragana,hiragana,JLPT JLPT_5 JLPT_N5,k}y1F@5e8u
昼,ひる,"noon, daytime","siang hari, siang hari",JLPT JLPT_5 JLPT_N5,i8$:v@D8x1
昼御飯,ひるごはん,"lunch, midday meal","makan siang, makan siang",Genki Genki_Ln.3 JLPT JLPT_5 JLPT_N5,JGK7M1P.PA
広い,ひろい,spacious; wide; broad,luas;,Genki Genki_Ln.15 Intermediate_Japanese Intermediate_Japanese_Ln.15 JLPT JLPT_5 JLPT_N5,nThxsh#3~a
フィルム,フィルム,film (roll of),film (gulungan),JLPT JLPT_5 JLPT_N5,w#JO*~D@<H
封筒,ふうとう,envelope,amplop,Intermediate_Japanese Intermediate_Japanese_Ln.3 JLPT JLPT_5 JLPT_N5,JaXU6BSc-h
プール,プール,swimming pool,kolam renang,Genki Genki_Ln.15 JLPT JLPT_5 JLPT_N5,J.!iKtAY)1
フォーク,フォーク,fork,garpu,JLPT JLPT_5 JLPT_N5,Q#>HBX67;#
吹く,ふく,"to blow (wind, etc.)","untuk meniup (angin, dll.)",Genki Genki_Ln.22 JLPT JLPT_3 JLPT_5 JLPT_N5,mo@qiT7%d3
服,ふく,clothes,pakaian,Genki Genki_Ln.12 JLPT JLPT_3 JLPT_5 JLPT_N5,G;N&<jI3Ep
二つ,ふたつ,two things,dua hal,Genki Genki_Ln.9 JLPT JLPT_5 JLPT_N5,A@M*oG}Fjm
豚肉,ぶたにく,pork,babi,JLPT JLPT_5 JLPT_N5,N1fM*9;kPY
二人,ふたり,two people,dua orang,Genki Genki_Ln.7 JLPT JLPT_5 JLPT_N5,yRF#3ntAGH
二日,ふつか,two days; second day of the month,dua hari;,Genki Genki_Ln.13 JLPT JLPT_5 JLPT_N5,dRYcz7jSL;
太い,ふとい,"fat, thick","gemuk, kental",JLPT JLPT_5 JLPT_N5,LD`2@7dG9a
冬,ふゆ,winter,musim dingin,Genki Genki_Ln.8 Intermediate_Japanese Intermediate_Japanese_Ln.4 JLPT JLPT_5 JLPT_N5,reZ;<Y^{LL
降る,ふる,"to precipitate, to fall (e.g., rain, snow, etc.)","untuk mengendapkan, jatuh (misalnya, hujan, salju, dll.)",Intermediate_Japanese Intermediate_Japanese_Ln.2 JLPT JLPT_3 JLPT_5 JLPT_N5,q(<}4NV?U@
古い,ふるい,"old (in reference to objects, not people), aged, ancient","tua (mengacu pada benda, bukan manusia), tua, kuno",Genki Genki_Ln.5 JLPT JLPT_5 JLPT_N5,gH<g@fkLje
～分,～ふん,~ minutes,~ menit,JLPT JLPT_5 JLPT_N5,chUnU+#xr]
文章,ぶんしょう,"sentence, text","kalimat, teks",JLPT JLPT_5 JLPT_N5,F&}@z14/*V
ページ,ページ,a page,sebuah halaman,Genki Genki_Ln.6 JLPT JLPT_5 JLPT_N5,jR*]a[JBx$
下手,へた,"unskillful, poor","tidak terampil, miskin",JLPT JLPT_5 JLPT_N5,zx]n<UpO/Q
ベッド,ベッド,bed,tempat tidur,JLPT JLPT_5 JLPT_N5,mm(#F~5?W7
ペット,ペット,pet,peliharaan,Genki Genki_Ln.15 JLPT JLPT_3 JLPT_5 JLPT_N5,Gm:f8t8t/V
部屋,へや,a room,sebuah ruangan,Genki Genki_Ln.5 Intermediate_Japanese Intermediate_Japanese_Ln.2 JLPT JLPT_5 JLPT_N5,"cB,rGZ.;c."
辺,へん,"area, vicinity","daerah, sekitar",JLPT JLPT_5 JLPT_N5,"v^uJ@o,r7C"
ペン,ペン,pen,pena,Genki Genki_Ln.2 JLPT JLPT_5 JLPT_N5,PpbmxKp]%S
勉強,べんきょう (する),study,belajar,JLPT JLPT_3 JLPT_5 JLPT_N5,P|N-mC4itp
便利,べんり,"convenient, handy","nyaman, berguna",JLPT JLPT_5 JLPT_N5,NSM1sxi#q3
帽子,ぼうし,hat; cap,topi;,Genki Genki_Ln.2 JLPT JLPT_5 JLPT_N5,whud$h6Xsa
ボールペン,ボールペン,ball-point pen,pulpen,JLPT JLPT_5 JLPT_N5,A1a57pRAi*
外,ほか,"other, the rest","lainnya, sisanya",JLPT JLPT_3 JLPT_5 JLPT_N5,q-Rsw+YG/*
ポケット,ポケット,pocket,saku,JLPT JLPT_5 JLPT_N5,PrdL>hhb^[
欲しい,ほしい,"to want, in need of","ingin, membutuhkan",JLPT JLPT_5 JLPT_N5,"IB/)D,[pe$"
ポスト,ポスト,"mailbox; post, position",kotak surat;,JLPT JLPT_5 JLPT_N5,CSDW$^FNBN
細い,ほそい,"thin, slender, fine","kurus, langsing, bagus",JLPT JLPT_5 JLPT_N5,zm=f9J*i)W
ボタン,ボタン,button,tombol,JLPT JLPT_5 JLPT_N5,o=Cnvf:%>b
ホテル,ホテル,hotel,hotel,Genki Genki_Ln.4 JLPT JLPT_5 JLPT_N5,n#S=W;:k;`
本,ほん,book,buku,Genki Genki_Ln.2 JLPT JLPT_5 JLPT_N5,PgM`&0<&bX
～本,～ほん,counter for long cylindrical things,counter untuk benda silinder panjang,JLPT JLPT_2 JLPT_5 JLPT_N5,Aln2n5Y6m$
本棚,ほんだな,bookshelf,rak buku,JLPT JLPT_5 JLPT_N5,LlS7xyP)^9
本当,ほんとう,"real, true","nyata, benar",JLPT JLPT_3 JLPT_5 JLPT_N5,mp{CGAM3}E
～枚,～まい,counter for flat things,counter untuk hal-hal datar,JLPT JLPT_5 JLPT_N5,eZ7Lx)q}m
毎朝,まいあさ,every morning,setiap pagi,Genki Genki_Ln.19 JLPT JLPT_5 JLPT_N5,FY8YY]~jH+
毎月,まいげつ; まいつき,"every month, monthly","setiap bulan, setiap bulan",JLPT JLPT_5 JLPT_N5,x6m6aNH)Wj
毎週,まいしゅう,every week,setiap minggu,Genki Genki_Ln.8 JLPT JLPT_5 JLPT_N5,Lp7~a9~`1G
毎日,まいにち,every day,setiap hari,Genki Genki_Ln.3 JLPT JLPT_5 JLPT_N5,"b}uYG),?~1"
毎年,まいねん; まいとし,"every year, yearly, annually","setiap tahun, setiap tahun, setiap tahun",JLPT JLPT_5 JLPT_N5,cLTCt({=p{
毎晩,まいばん,every night,setiap malam,Genki Genki_Ln.3 JLPT JLPT_5 JLPT_N5,s&rZqJP=be
前,まえ,"before, in front","sebelumnya, di depan",Genki Genki_Ln.17 JLPT JLPT_5 JLPT_N5,AcNx(A=]3O
～前,～まえ,in front of ~,di depan ~,JLPT JLPT_5 JLPT_N5,Jh#_2I1KK<
曲る,まがる,"to turn, to bend","untuk berbalik, untuk membungkuk",JLPT JLPT_3 JLPT_5 JLPT_N5,fZb*Dqk8+n
まずい,まずい,"terrible (in reference to food), unappetizing, unpleasant (taste)","buruk (mengacu pada makanan), tidak menggugah selera, tidak enak (rasanya)",Genki Genki_Ln.23 JLPT JLPT_5 JLPT_N5,y=A8n$:VZF
また,また,and; furthermore,Dan;,Genki Genki_Ln.20 Intermediate_Japanese Intermediate_Japanese_Ln.5 JLPT JLPT_3 JLPT_5 JLPT_N5,H#sUyG^B<2
まだ,まだ,"yet, still, besides","namun, tetap saja, selain itu",Genki Genki_Ln.19 JLPT JLPT_3 JLPT_5 JLPT_N5,xr/3DB/ghC
町,まち,town; city,kota;,Genki Genki_Ln.4 Intermediate_Japanese Intermediate_Japanese_Ln.1 JLPT JLPT_3 JLPT_5 JLPT_N5,xztbV5AMZZ
待つ,まつ,to wait,untuk menunggu,JLPT JLPT_3 JLPT_5 JLPT_N5,N6<)T3m*1$
まっすぐ,まっすぐ,"straight (ahead), direct","lurus (depan), langsung",JLPT JLPT_3 JLPT_5 JLPT_N5,o(%GCd@4cN
マッチ,マッチ,match,cocok,JLPT JLPT_5 JLPT_N5,r{cxPi6M{l
窓,まど,window,jendela,Genki Genki_Ln.6 JLPT JLPT_5 JLPT_N5,dZZ^@1iCkq
丸い; 円い,まるい,"round, circular","bulat, melingkar",JLPT JLPT_3 JLPT_5 JLPT_N5,kXV&n*v-w~
万,まん,ten thousand,sepuluh ribu,JLPT JLPT_5 JLPT_N5,k%8Ts^<^Df
万年筆,まんねんひつ,fountain pen,pulpen,JLPT JLPT_5 JLPT_N5,pjtI#>[G;I
磨く,みがく,to brush (teeth); to polish,untuk menyikat (gigi);,Genki Genki_Ln.13 JLPT JLPT_5 JLPT_N5,f*XbBCL&y-
右,みぎ,right hand side,sisi kanan,JLPT JLPT_5 JLPT_N5,Dx]?1r0B)6
短い,みじかい,short (length),pendek (panjang),Genki Genki_Ln.7 Intermediate_Japanese Intermediate_Japanese_Ln.11 JLPT JLPT_5 JLPT_N5,CoDv|eMw1>
水,みず,water,air,Genki Genki_Ln.3 JLPT JLPT_5 JLPT_N5,Psad>Q=[fe
店,みせ,"store, shop","toko, toko",Genki Genki_Ln.13 Intermediate_Japanese Intermediate_Japanese_Ln.6 JLPT JLPT_5 JLPT_N5,w{yPQLxrpZ
見せる,みせる,"to show, to display","untuk menunjukkan, untuk menampilkan",Genki Genki_Ln.16 JLPT JLPT_5 JLPT_N5,u/XQDC4A&:
道,みち,"road, street; way, directions","jalan, jalan;",Genki Genki_Ln.16 JLPT JLPT_5 JLPT_N5,g*1iadY2;L
三日,みっか,"three days, third day of the month","tiga hari, hari ketiga setiap bulan",Genki Genki_Ln.13 JLPT JLPT_5 JLPT_N5,"BQ,4DuKr8>"
三つ,みっつ,three things,tiga hal,Genki Genki_Ln.9 JLPT JLPT_5 JLPT_N5,E%f95v%koQ
緑,みどり,green,hijau,JLPT JLPT_5 JLPT_N5,d@$Uu~dQl-
皆さん,みなさん,"all of you, everyone","kalian semua, semuanya",Intermediate_Japanese Intermediate_Japanese_Ln.4 JLPT JLPT_5 JLPT_N5,xUxg44IBk/
南,みなみ,South,Selatan,Intermediate_Japanese Intermediate_Japanese_Ln.10 JLPT JLPT_5 JLPT_N5,tmB.Hd2Sk_
耳,みみ,ear,telinga,Intermediate_Japanese Intermediate_Japanese_Ln.5 JLPT JLPT_5 JLPT_N5,c2VG#0omOo
見る,みる,"to see, to look","untuk melihat, untuk melihat",JLPT JLPT_3 JLPT_5 JLPT_N5,LJ*9Zy3g--
みんな,みんな,"all, everyone, everybody","semuanya, semuanya, semuanya",Genki Genki_Ln.9 JLPT JLPT_3 JLPT_5 JLPT_N5,NO(9_g@4E)
六日,むいか,six days; sixth day of month,enam hari;,Genki Genki_Ln.13 JLPT JLPT_5 JLPT_N5,cT@R(=%:PY
向こう,むこう,"beyond, over there","di luar sana, di sana",JLPT JLPT_5 JLPT_N5,mQG@k1[%|C
難しい,むずかしい,difficult,sulit,Genki Genki_Ln.5 Intermediate_Japanese Intermediate_Japanese_Ln.2 JLPT JLPT_5 JLPT_N5,cp|.gBg]*Y
六つ,むっつ,six things,enam hal,Genki Genki_Ln.9 JLPT JLPT_5 JLPT_N5,",[k`qyR3)"
村,むら,village,desa,Intermediate_Japanese Intermediate_Japanese_Ln.10 JLPT JLPT_5 JLPT_N5,INP.Ccu#He
目,め,eye(s),mata),Genki Genki_Ln.7 JLPT JLPT_3 JLPT_5 JLPT_N5,dhfW}%pIM+
メートル,メートル,meter,meter,JLPT JLPT_5 JLPT_N5,BPMIO$2k{i
眼鏡,めがね,eye glasses,kacamata,Genki Genki_Ln.7 JLPT JLPT_5 JLPT_N5,OGc^3PJcd3
もう,もう,already; again; more,sudah;,Genki Genki_Ln.9 JLPT JLPT_2 JLPT_5 JLPT_N5,C9[8>(KXKL
木曜日,もくようび,Thursday,Kamis,Genki Genki_Ln.4 JLPT JLPT_3 JLPT_5 JLPT_N5,k#-z20ZxXI
もしもし,もしもし,Hello? (used on the phone),Halo?,Genki Genki_Ln.4 JLPT JLPT_5 JLPT_N5,nnhl#WnLYa
持つ,もつ,"to hold, to carry; to possess","untuk memegang, untuk membawa;",JLPT JLPT_5 JLPT_N5,A&O@O/^cS;
もっと,もっと,more,lagi,Genki Genki_Ln.11 JLPT JLPT_3 JLPT_5 JLPT_N5,OqdI=b3^K`
物,もの,thing (concrete object),benda (benda konkrit),Genki Genki_Ln.12 JLPT JLPT_3 JLPT_5 JLPT_N5,"z6=4|ALO,V"
門,もん,gate,gerbang,JLPT JLPT_5 JLPT_N5,H&[yCKRvgq
問題,もんだい,a problem,sebuah masalah,Intermediate_Japanese Intermediate_Japanese_Ln.11 JLPT JLPT_5 JLPT_N5,Eh6&Bnk+Z%
～屋,～や,~ shop,~ berbelanja,JLPT_N5,ht#2@^87+]
八百屋,やおや,greengrocer,penjual sayur,JLPT JLPT_5 JLPT_N5,C[.TX0anRy
野菜,やさい,vegetable,sayuran,Genki Genki_Ln.2 JLPT JLPT_5 JLPT_N5,qVg2VfFKQ;
易しい,やさしい,"easy, plain, simple","mudah, polos, sederhana",JLPT JLPT_5 JLPT_N5,O&W|&R47Dm
安い,やすい,inexpensive; cheap (things),murah;,Genki Genki_Ln.5 JLPT JLPT_5 JLPT_N5,ie=X%ZqpqO
休み,やすみ,holiday; day off; absence,hari libur;,Genki Genki_Ln.5 JLPT JLPT_5 JLPT_N5,J*/c5_R!J=
休む,やすむ,"to rest, to have a break, to get time off","untuk beristirahat, untuk istirahat, untuk mendapatkan waktu istirahat",JLPT JLPT_5 JLPT_N5,i~a&f>8]D[
八つ,やっつ,eight things,delapan hal,Genki Genki_Ln.9 JLPT JLPT_5 JLPT_N5,F=`<QfuMn*
山,やま,mountain,gunung,Genki Genki_Ln.11 JLPT JLPT_5 JLPT_N5,FM#``XMUDZ
やる,やる,"to do; to give (to pets, parents, siblings, etc.)",untuk melakukan;,Genki Genki_Ln.21 JLPT JLPT_4 JLPT_5 JLPT_N5,"ee,Y5GOGX?"
夕方,ゆうがた,"late afternoon (typically just before dinner time), evening","sore hari (biasanya sebelum waktu makan malam), malam hari",Genki Genki_Ln.18 Intermediate_Japanese Intermediate_Japanese_Ln.10 JLPT JLPT_5 JLPT_N5,wr(&N+9Gfn
夕飯,ゆうはん,"dinner, supper, evening meal","makan malam, makan malam, makan malam",JLPT JLPT_4 JLPT_5 JLPT_N5,x@-+;z#Bdx
郵便局,ゆうびんきょく,post office,kantor Pos,Genki Genki_Ln.2 JLPT JLPT_5 JLPT_N5,E9^vm]j#7*
昨夜,ゆうべ,last night,tadi malam,JLPT JLPT_3 JLPT_5 JLPT_N5,h5wsUbx`&$
有名,ゆうめい,famous,terkenal,JLPT JLPT_5 JLPT_N5,cV2lu-%dm7
雪,ゆき,snow,salju,Genki Genki_Ln.12 JLPT JLPT_3 JLPT_5 JLPT_N5,jr0utv~KvB
ゆっくりと,ゆっくりと,"slowly, at ease","perlahan, dengan tenang",JLPT JLPT_5 JLPT_N5,w_ef65R9#}
八日,ようか,eight days; eighth day of the month,delapan hari;,Genki Genki_Ln.13 JLPT JLPT_5 JLPT_N5,Fd}WQ7nZj^
洋服,ようふく,Western-style clothes,Pakaian gaya barat,JLPT JLPT_5 JLPT_N5,uv*)pIfBA|
よく,よく,"frequently, often (much); well, skillfully","sering, sering (banyak);",Genki Genki_Ln.14 Genki_Ln.3 JLPT JLPT_5 JLPT_N5,Fz[l>+!/Hl
横,よこ,beside; side; width,di samping;,Intermediate_Japanese Intermediate_Japanese_Ln.11 JLPT JLPT_5 JLPT_N5,C?K**~xaVS
四日,よっか,four days; fourth day of the month,empat hari;,Genki Genki_Ln.13 JLPT JLPT_5 JLPT_N5,s(2D4IDk2]
四つ,よっつ,four things,empat hal,Genki Genki_Ln.9 JLPT JLPT_2 JLPT_5 JLPT_N5,BL9b_E4!L$
呼ぶ,よぶ,to call (one's name); to invite,untuk memanggil (nama seseorang);,Genki Genki_Ln.19 JLPT JLPT_3 JLPT_5 JLPT_N5,zV4mur-%tO
読む,よむ,to read,untuk membaca,JLPT JLPT_5 JLPT_N5,G8F?CvYLz|
夜,よる,"evening, night","sore, malam",Genki Genki_Ln.6 JLPT JLPT_3 JLPT_5 JLPT_N5,lj*phUSR[b
弱い,よわい,weak,lemah,JLPT JLPT_5 JLPT_N5,x)3Ur1<az7
来月,らいげつ,next month,bulan depan,Genki Genki_Ln.8 JLPT JLPT_5 JLPT_N5,O/Q*jP:8c|
来週,らいしゅう,next week,minggu depan,Genki Genki_Ln.6 JLPT JLPT_5 JLPT_N5,h}c~#8X!n;
来年,らいねん,next year,tahun depan,Genki Genki_Ln.6 JLPT JLPT_5 JLPT_N5,"mvNiHK,T4b"
ラジオ,ラジオ,radio,radio,Genki Genki_Ln.14 JLPT JLPT_5 JLPT_N5,wyqA~/nA@+
ラジオカセ,ラジオカセ,radio cassette player,pemutar kaset radio,JLPT JLPT_5 JLPT_N5,"eBPF6I+,&0"
りっぱ,りっぱ,"splendid, fine","bagus sekali, baiklah",JLPT JLPT_3 JLPT_5 JLPT_N5,J%`%&)W1.O
留学生,りゅうがくせい,international student,pelajar internasional,Genki Genki_Ln.1 JLPT JLPT_5 JLPT_N5,n89-KYTMQf
両親,りょうしん,"parents (lit., both parents)","orang tua (lit., kedua orang tua)",Genki Genki_Ln.14 Intermediate_Japanese Intermediate_Japanese_Ln.1 JLPT JLPT_5 JLPT_N5,L.[<hVhM?f
料理,りょうり,cooking; cuisine,memasak;,Intermediate_Japanese Intermediate_Japanese_Ln.4 JLPT JLPT_5 JLPT_N5,G!~TK}MKdj
旅行,りょこう,"travel, trip","perjalanan, perjalanan",Genki Genki_Ln.5 JLPT JLPT_5 JLPT_N5,KmCEi1#qL@
零,れい,"zero, nought","nol, tidak ada",JLPT JLPT_3 JLPT_5 JLPT_N5,rc1t]Q^qI(
冷蔵庫,れいぞうこ,refrigerator,lemari es,Genki Genki_Ln.18 JLPT JLPT_5 JLPT_N5,j*=Z=Hk4*w
レコード,レコード,record,catatan,JLPT JLPT_5 JLPT_N5,xn:3qV.c32
レストラン,レストラン,restaurant,restoran,Genki Genki_Ln.4 JLPT JLPT_5 JLPT_N5,s3y4P[QtRd
練習,れんしゅう (する),(to) practice,(untuk) berlatih,JLPT JLPT_5 JLPT_N5,KaUYN0c91a
廊下,ろうか,corridor,koridor,JLPT JLPT_5 JLPT_N5,AsH$#BLZ{M
六,ろく,six,enam,JLPT JLPT_5 JLPT_N5,w>WY?cJ:VM
ワイシャツ,ワイシャツ,"shirt (lit: white shirt), business shirt","kemeja (lit: kemeja putih), kemeja bisnis",JLPT JLPT_5 JLPT_N5,x|nJIKNm*T
若い,わかい,young,muda,Genki Genki_Ln.9 Intermediate_Japanese Intermediate_Japanese_Ln.1 JLPT JLPT_5 JLPT_N5,xN9[eu+8aY
分かる,わかる,to understand,untuk memahami,JLPT JLPT_5 JLPT_N5,vF3#$3|-lu
忘れる,わすれる,to forget,untuk melupakan,Intermediate_Japanese Intermediate_Japanese_Ln.3 JLPT JLPT_5 JLPT_N5,HW)xrzU[Z4
私,わたし,"I, myself",saya sendiri,Genki Genki_Ln.1 JLPT JLPT_5 JLPT_N5,I+Y7lySy.4
私,わたくし,"I (formal), myself, private affairs","Saya (formal), diri saya sendiri, urusan pribadi",Genki Genki_Ln.13 JLPT JLPT_2 JLPT_5 JLPT_N5,m!I5:hHt<W
渡す,わたす,to hand (something) over (v.t.); to get across,untuk menyerahkan (sesuatu) (v.t.);,Intermediate_Japanese Intermediate_Japanese_Ln.6 JLPT JLPT_5 JLPT_N5,KvDHRUZ*r&
渡る,わたる,"to cross over, to go across","untuk menyeberang, untuk menyeberang",JLPT JLPT_5 JLPT_N5,z9kLvI4/{d
悪い,わるい,"bad, sinful; inferior","buruk, berdosa;",Genki Genki_Ln.12 Intermediate_Japanese Intermediate_Japanese_Ln.3 JLPT JLPT_5 JLPT_N5,rxV$$v%QZ;
